face,side,n_lines,atf_lines,count_diff,agreement,proximity,n_boxes,spacing_cv,confidence
P357953_reverse,reverse,4,,,,,0,1.099,0.0
P359165_reverse,reverse,5,,,,,1,0.984,0.016
P357933_reverse,reverse,4,,,0.0,,4,0.932,0.034
P357923_reverse,reverse,5,,,0.0,,4,0.654,0.173
P389548_obverse,obverse,4,,,0.0,0.182,11,0.635,0.182
P358292_reverse,reverse,5,,,0.0,,3,0.595,0.203
P358328_reverse,reverse,10,,,0.2,0.067,15,0.601,0.222
P357951_reverse,reverse,9,,,0.222,0.062,16,0.612,0.224
P250559_reverse,reverse,6,,,0.167,0.364,11,0.837,0.231
P357788_reverse,reverse,5,,,0.2,,3,0.721,0.24
P359385_obverse,obverse,10,,,0.2,0.0,7,0.473,0.242
P357470_reverse,reverse,5,,,0.0,0.0,5,0.26,0.247
P361080_reverse,reverse,4,,,0.25,0.0,9,0.508,0.247
P260351_reverse,reverse,5,,,0.0,0.0,5,0.217,0.261
P431270_obverse,obverse,5,,,0.2,0.0,10,0.414,0.262
P357942_reverse,reverse,5,,,,,0,0.731,0.269
P406213_reverse,reverse,5,,,0.4,0.3,10,0.892,0.269
P389653_obverse,obverse,9,,,0.0,,2,0.447,0.276
P357421_reverse,reverse,4,,,0.5,,3,0.929,0.286
P358270_reverse,reverse,7,,,,,0,0.705,0.295
P431273_obverse,obverse,10,,,0.1,0.067,15,0.28,0.295
P389628_reverse,reverse,6,,,0.167,,2,0.573,0.297
P389541_reverse,reverse,6,,,0.167,,4,0.571,0.298
P389674_obverse,obverse,6,,,0.0,0.0,5,0.106,0.298
P357748_reverse,reverse,6,,,0.0,0.077,13,0.176,0.3
P357954_reverse,reverse,6,6,0,0.0,0.0,7,0.085,0.305
P260359_obverse,obverse,8,,,0.125,0.125,8,0.329,0.307
P250572_reverse,reverse,6,,,0.333,0.517,29,0.925,0.308
P358288_obverse,obverse,7,7,0,0.0,0.0,14,0.067,0.311
P390653_obverse,obverse,6,,,0.333,0.341,44,0.741,0.311
P357935_reverse,reverse,10,,,,,0,0.687,0.313
P361151_reverse,reverse,9,9,0,0.0,0.0,15,0.06,0.313
P358697_left,left,3,3,0,0.0,0.0,5,0.059,0.314
P389663_obverse,obverse,9,,,0.111,0.062,16,0.233,0.314
P408043_obverse,obverse,10,,,0.0,0.1,10,0.158,0.314
P357894_reverse,reverse,5,,,0.2,0.0,9,0.251,0.316
P358266_obverse,obverse,8,8,0,0.0,0.034,29,0.083,0.317
P358933_reverse,reverse,9,,,0.222,0.238,21,0.503,0.319
P250577_reverse,reverse,7,,,0.429,0.382,55,0.848,0.321
P357698_reverse,reverse,8,8,0,0.0,0.033,30,0.07,0.321
P359176_reverse,reverse,5,5,0,0.0,0.0,9,0.038,0.321
P250571_obverse,obverse,3,,,0.333,0.16,25,0.525,0.323
P357725_reverse,reverse,12,12,0,0.0,0.02,51,0.052,0.323
P358205_obverse,obverse,7,7,0,0.0,0.0,7,0.032,0.323
P359305_obverse,obverse,6,6,0,0.0,0.0,15,0.031,0.323
P359305_reverse,reverse,6,6,0,0.0,0.0,14,0.032,0.323
P357735_reverse,reverse,6,6,0,0.0,0.0,16,0.027,0.324
P357902_obverse,obverse,11,11,0,0.0,0.0,15,0.029,0.324
P357955_obverse,obverse,6,6,0,0.0,0.0,8,0.029,0.324
P357672_obverse,obverse,9,9,0,0.0,0.029,34,0.055,0.325
P357792_reverse,reverse,13,13,0,0.0,0.0,15,0.024,0.325
P361134_left,left,3,3,0,0.0,0.0,7,0.022,0.326
P389560_obverse,obverse,5,,,0.0,0.091,11,0.114,0.326
P357668_left,left,3,3,0,0.0,0.0,13,0.02,0.327
P357735_obverse,obverse,8,8,0,0.0,0.0,12,0.019,0.327
P389614_obverse,obverse,5,,,,,1,0.673,0.327
P423547_obverse,obverse,8,,,0.25,0.455,33,0.721,0.328
P357559_obverse,obverse,4,4,0,0.0,0.0,5,0.012,0.329
P358270_obverse,obverse,4,4,0,0.0,0.0,5,0.012,0.329
P358322_reverse,reverse,10,10,0,0.0,0.038,26,0.052,0.329
P357898_obverse,obverse,9,9,0,0.0,0.024,42,0.031,0.331
P390545_obverse,obverse,10,10,0,0.0,0.043,23,0.05,0.331
P250566_reverse,reverse,2,,,0.0,0.0,7,0.0,0.333
P250581_reverse,reverse,2,,,0.0,0.0,7,0.0,0.333
P358710_left,left,3,3,0,0.0,0.0,7,0.0,0.333
P389542_reverse,reverse,7,,,0.286,,4,0.617,0.334
P389638_reverse,reverse,7,,,0.286,0.231,13,0.507,0.337
P260355_reverse,reverse,3,,,,,0,0.662,0.338
P358255_obverse,obverse,8,8,0,0.0,0.045,22,0.032,0.338
P357947_reverse,reverse,5,,,,,0,0.661,0.339
P260387_obverse,obverse,4,,,0.25,0.143,7,0.367,0.342
P357470_obverse,obverse,9,,,0.111,,2,0.42,0.345
P250559_obverse,obverse,8,,,0.25,0.158,19,0.369,0.346
P358319_reverse,reverse,8,8,0,0.0,0.071,14,0.031,0.347
P389622_reverse,reverse,11,,,0.182,0.167,24,0.307,0.347
P359117_obverse,obverse,11,11,0,0.0,0.083,48,0.04,0.348
P359344_reverse,reverse,13,13,0,0.077,0.0,5,0.033,0.348
P389649_reverse,reverse,6,,,0.167,,2,0.472,0.348
P389571_reverse,reverse,9,,,0.333,0.538,13,0.821,0.35
P359273_reverse,reverse,18,18,0,0.056,0.036,83,0.04,0.351
P389556_reverse,reverse,9,,,0.333,0.211,38,0.49,0.351
P358790_left,left,2,2,0,0.0,0.059,17,0.0,0.353
P358460_obverse,obverse,9,9,0,0.0,0.077,39,0.016,0.354
P358202_reverse,reverse,18,18,0,0.0,0.104,48,0.036,0.356
P359337_reverse,reverse,8,8,0,0.0,0.1,20,0.03,0.357
P389613_reverse,reverse,9,,,0.222,0.083,12,0.236,0.357
P359187_obverse,obverse,12,12,0,0.0,0.115,26,0.042,0.358
P389544_obverse,obverse,12,,,0.083,,3,0.364,0.359
P397766_obverse,obverse,6,,,0.5,0.226,31,0.646,0.36
P333885_left,left,2,2,0,0.0,0.083,12,0.0,0.361
P358251_obverse,obverse,8,8,0,0.0,0.1,20,0.017,0.361
P358279_reverse,reverse,8,,,0.125,0.167,12,0.208,0.361
P357421_obverse,obverse,10,,,0.1,0.035,57,0.047,0.363
P357940_reverse,reverse,8,8,0,0.0,0.111,18,0.022,0.363
P357673_obverse,obverse,21,21,0,0.048,0.08,100,0.032,0.365
P359144_reverse,reverse,6,,,0.167,,3,0.437,0.365
P359169_reverse,reverse,8,,,0.125,,3,0.395,0.365
P389594_obverse,obverse,7,,,0.286,0.221,86,0.41,0.365
P359356_reverse,reverse,7,7,0,0.143,0.0,10,0.044,0.366
P389620_obverse,obverse,9,,,0.333,0.122,49,0.354,0.367
P357724_reverse,reverse,11,,,0.273,0.115,52,0.285,0.368
P360986_reverse,reverse,10,10,0,0.0,0.143,49,0.04,0.368
P357725_obverse,obverse,13,13,0,0.077,0.075,53,0.044,0.369
P358331_obverse,obverse,10,,,0.2,0.0,18,0.092,0.369
P431278_obverse,obverse,8,,,0.0,0.286,7,0.178,0.369
P261859_obverse,obverse,7,7,0,0.0,0.15,20,0.04,0.37
P358697_reverse,reverse,14,14,0,0.071,0.085,47,0.046,0.37
P389577_obverse,obverse,8,,,0.25,0.167,6,0.306,0.37
P357679_reverse,reverse,10,10,0,0.1,0.067,30,0.053,0.371
P368449_reverse,reverse,8,,,0.25,0.257,35,0.394,0.371
P361055_obverse,obverse,10,10,0,0.1,0.096,52,0.081,0.372
P361308_reverse,reverse,13,13,0,0.077,0.062,64,0.023,0.372
P359323_obverse,obverse,14,14,0,0.071,0.083,60,0.033,0.374
P389540_obverse,obverse,7,,,0.429,0.571,7,0.875,0.375
P260398_reverse,reverse,10,,,0.2,0.3,10,0.373,0.376
P357703_reverse,reverse,4,4,0,0.0,0.154,13,0.025,0.376
P260369_obverse,obverse,10,,,0.2,0.385,13,0.454,0.377
P357360_reverse,reverse,12,12,0,0.083,0.098,51,0.051,0.377
P389641_reverse,reverse,6,,,0.167,0.167,6,0.199,0.378
P389585_reverse,reverse,10,,,0.1,0.326,46,0.288,0.379
P357506_left,left,3,3,0,0.0,0.167,12,0.026,0.38
P359105_obverse,obverse,11,11,0,0.0,0.167,6,0.028,0.38
P359120_reverse,reverse,9,9,0,0.0,0.176,34,0.038,0.38
P357345_left,left,2,2,0,0.0,0.143,7,0.0,0.381
P393100_reverse,reverse,5,,,,,0,0.619,0.381
P333945_obverse,obverse,6,6,0,0.167,0.05,20,0.066,0.383
P358458_obverse,obverse,8,8,0,0.125,0.087,23,0.063,0.383
P359090_reverse,reverse,9,9,0,0.111,0.05,20,0.013,0.383
P359223_reverse,reverse,3,,,,,1,0.616,0.384
P360986_obverse,obverse,10,10,0,0.1,0.077,13,0.024,0.384
P361172_reverse,reverse,4,,,,,1,0.615,0.385
P333893_reverse,reverse,18,18,0,0.056,0.14,100,0.039,0.386
P358258_left,left,4,4,0,0.0,0.158,19,0.0,0.386
P359289_reverse,reverse,18,18,0,0.056,0.133,83,0.031,0.386
P389551_obverse,obverse,7,,,0.143,0.071,14,0.057,0.386
P358281_obverse,obverse,11,11,0,0.091,0.118,17,0.049,0.387
P357506_obverse,obverse,11,11,0,0.091,0.102,49,0.028,0.388
P359126_reverse,reverse,18,18,0,0.056,0.135,74,0.026,0.388
P389608_reverse,reverse,9,,,0.333,0.214,14,0.383,0.388
P260352_obverse,obverse,7,7,0,0.143,0.048,21,0.022,0.389
P389568_obverse,obverse,5,,,0.2,0.636,11,0.669,0.389
P359258_reverse,reverse,12,,,0.333,0.182,22,0.345,0.39
P359293_reverse,reverse,17,17,0,0.0,0.191,47,0.022,0.39
P361031_reverse,reverse,11,11,0,0.182,0.062,32,0.074,0.39
P361123_obverse,obverse,11,11,0,0.091,0.128,39,0.046,0.391
P357942_obverse,obverse,7,7,0,0.143,0.062,16,0.031,0.392
P358256_obverse,obverse,12,12,0,0.167,0.077,13,0.066,0.392
P358937_obverse,obverse,6,,,0.333,0.25,24,0.408,0.392
P389587_obverse,obverse,16,,,0.312,0.13,100,0.268,0.392
P389660_obverse,obverse,6,,,0.333,0.222,9,0.379,0.392
P357741_obverse,obverse,12,12,0,0.083,0.14,43,0.042,0.394
P357979_reverse,reverse,4,,,0.0,,2,0.212,0.394
P389577_reverse,reverse,5,,,0.2,,2,0.413,0.394
P389623_obverse,obverse,7,,,0.143,0.133,30,0.09,0.395
P389539_obverse,obverse,9,,,0.111,0.6,5,0.523,0.396
P250573_obverse,obverse,7,,,0.429,0.378,45,0.616,0.397
P357744_obverse,obverse,16,16,0,0.125,0.13,69,0.064,0.397
P357805_obverse,obverse,7,7,0,0.143,0.08,25,0.032,0.397
P359952_left,left,4,4,0,0.0,0.2,5,0.006,0.398
P333901_reverse,reverse,18,18,0,0.111,0.114,79,0.027,0.399
P359136_left,left,3,3,0,0.0,0.2,5,0.0,0.4
P361090_left,left,5,5,0,0.2,0.0,6,0.0,0.4
P361691_obverse,obverse,9,9,0,0.111,0.143,14,0.053,0.4
P357753_obverse,obverse,9,9,0,0.111,0.121,66,0.029,0.401
P389589_obverse,obverse,8,,,0.375,0.224,58,0.398,0.401
P408043_reverse,reverse,10,,,0.2,0.25,12,0.247,0.401
P357424_reverse,reverse,7,,,0.429,0.438,16,0.656,0.403
P357703_obverse,obverse,6,6,0,0.167,0.111,9,0.07,0.403
P358582_reverse,reverse,14,14,0,0.071,0.192,73,0.054,0.403
P359119_reverse,reverse,13,13,0,0.077,0.167,48,0.033,0.403
P357379_obverse,obverse,10,10,0,0.2,0.062,16,0.052,0.404
P357812_obverse,obverse,7,,,0.0,0.364,11,0.153,0.404
P357672_reverse,reverse,9,9,0,0.111,0.176,17,0.073,0.405
P358582_obverse,obverse,13,13,0,0.077,0.167,72,0.027,0.405
P389563_reverse,reverse,8,,,0.25,0.083,12,0.118,0.405
P357518_reverse,reverse,12,12,0,0.25,0.038,26,0.071,0.406
P359213_obverse,obverse,11,11,0,0.091,0.154,39,0.026,0.406
P357823_obverse,obverse,5,5,0,0.2,0.053,19,0.032,0.407
P361633_obverse,obverse,4,4,0,0.0,0.278,18,0.058,0.407
P389580_obverse,obverse,7,,,0.571,0.5,6,0.849,0.407
P357783_reverse,reverse,10,10,0,0.2,0.12,25,0.095,0.408
P260371_obverse,obverse,11,11,0,0.182,0.091,33,0.045,0.409
P333882_reverse,reverse,21,21,0,0.143,0.12,100,0.035,0.409
P357904_obverse,obverse,7,7,0,0.286,0.0,9,0.056,0.41
P358331_reverse,reverse,7,,,0.143,0.25,8,0.164,0.41
P389618_obverse,obverse,6,,,0.167,0.455,11,0.391,0.41
P431268_obverse,obverse,11,,,0.182,0.385,26,0.338,0.41
P357551_obverse,obverse,8,8,0,0.125,0.143,7,0.036,0.411
P358199_reverse,reverse,11,11,0,0.182,0.079,38,0.027,0.411
P361164_obverse,obverse,7,7,0,0.143,0.118,17,0.027,0.411
P359151_left,left,3,3,0,0.0,0.25,8,0.014,0.412
P359952_obverse,obverse,15,15,0,0.067,0.2,5,0.031,0.412
P389613_obverse,obverse,6,,,0.167,0.167,12,0.097,0.412
P361151_obverse,obverse,10,10,0,0.1,0.214,28,0.076,0.413
P389552_obverse,obverse,10,,,0.4,0.231,13,0.393,0.413
P389583_obverse,obverse,11,,,0.273,0.064,47,0.096,0.413
P357980_reverse,reverse,4,,,0.0,,2,0.171,0.414
P359278_obverse,obverse,16,16,0,0.188,0.103,68,0.045,0.415
P361042_reverse,reverse,15,15,0,0.0,0.268,82,0.023,0.415
P389631_reverse,reverse,8,,,0.25,0.083,12,0.089,0.415
P357929_obverse,obverse,4,4,0,0.25,0.056,18,0.054,0.417
P389539_reverse,reverse,11,,,0.273,0.318,22,0.337,0.418
P358710_obverse,obverse,9,9,0,0.111,0.174,23,0.027,0.419
P390562_reverse,reverse,6,6,0,0.167,0.103,29,0.013,0.419
P359099_reverse,reverse,16,16,0,0.188,0.111,9,0.039,0.42
P359229_obverse,obverse,7,7,0,0.286,0.0,10,0.023,0.421
P361609_obverse,obverse,17,17,0,0.059,0.261,46,0.056,0.421
P389584_obverse,obverse,8,,,0.25,0.564,39,0.551,0.421
P357766_obverse,obverse,6,6,0,0.167,0.154,13,0.053,0.422
P359075_left,left,2,2,0,0.0,0.267,15,0.0,0.422
P359209_reverse,reverse,13,13,0,0.154,0.129,31,0.016,0.422
P250577_obverse,obverse,13,,,0.308,0.333,99,0.371,0.423
P357744_reverse,reverse,12,12,0,0.25,0.05,40,0.032,0.423
P359082_reverse,reverse,18,18,0,0.167,0.122,41,0.02,0.423
P359225_reverse,reverse,6,6,0,0.167,0.133,15,0.032,0.423
P358574_reverse,reverse,10,10,0,0.1,0.207,29,0.03,0.425
P359335_obverse,obverse,7,7,0,0.143,0.182,11,0.05,0.425
P359939_reverse,reverse,17,17,0,0.059,0.262,42,0.046,0.425
P361124_reverse,reverse,12,12,0,0.167,0.136,22,0.027,0.425
P357478_obverse,obverse,8,,,0.25,0.231,13,0.201,0.427
P357905_obverse,obverse,13,13,0,0.154,0.15,20,0.024,0.427
P357979_obverse,obverse,8,,,0.25,0.357,14,0.325,0.427
P359159_reverse,reverse,11,11,0,0.182,0.163,49,0.064,0.427
P359244_obverse,obverse,14,14,0,0.143,0.169,71,0.031,0.427
P359329_obverse,obverse,12,12,0,0.25,0.077,52,0.046,0.427
P389558_obverse,obverse,6,,,0.167,0.5,8,0.387,0.427
P389665_obverse,obverse,7,,,0.286,0.4,5,0.404,0.427
P260350_obverse,obverse,14,14,0,0.143,0.182,55,0.041,0.428
P357481_reverse,reverse,6,,,0.333,,3,0.477,0.428
P357493_reverse,reverse,22,22,0,0.182,0.12,100,0.019,0.428
P357479_reverse,reverse,8,,,0.5,0.182,11,0.393,0.429
P390699_reverse,reverse,6,,,0.333,,3,0.476,0.429
P357379_reverse,reverse,11,11,0,0.273,0.097,31,0.08,0.43
P357614_obverse,obverse,11,11,0,0.182,0.154,13,0.046,0.43
P431272_reverse,reverse,6,,,,,1,0.57,0.43
P358577_reverse,reverse,14,14,0,0.143,0.18,100,0.03,0.431
P359954_obverse,obverse,22,22,0,0.091,0.228,79,0.026,0.431
P389555_reverse,reverse,3,,,,,0,0.569,0.431
P249250_obverse,obverse,11,,,0.545,0.414,70,0.663,0.432
P357427_reverse,reverse,5,,,,,1,0.568,0.432
P359262_obverse,obverse,10,10,0,0.2,0.143,28,0.046,0.432
P359939_obverse,obverse,15,15,0,0.2,0.135,37,0.039,0.432
P359943_obverse,obverse,17,17,0,0.176,0.17,47,0.049,0.433
P357358_left,left,3,3,0,0.0,0.333,12,0.032,0.434
P357596_left,left,3,3,0,0.0,0.312,16,0.011,0.434
P359385_reverse,reverse,7,,,0.143,0.222,9,0.062,0.434
P357767_obverse,obverse,7,7,0,0.143,0.2,10,0.037,0.435
P358599_reverse,reverse,15,15,0,0.133,0.192,78,0.022,0.435
P361566_obverse,obverse,21,21,0,0.143,0.194,72,0.033,0.435
P389551_reverse,reverse,7,,,0.143,,3,0.27,0.436
P359137_obverse,obverse,6,6,0,0.167,0.172,29,0.028,0.437
P359299_reverse,reverse,10,10,0,0.1,0.237,38,0.025,0.437
P359952_reverse,reverse,16,16,0,0.062,0.273,11,0.024,0.437
P389618_reverse,reverse,4,,,0.5,0.258,31,0.445,0.438
P357977_obverse,obverse,8,8,0,0.25,0.125,16,0.059,0.439
P358196_reverse,reverse,11,11,0,0.182,0.167,12,0.033,0.439
P250576_obverse,obverse,4,,,0.75,0.262,42,0.692,0.44
P358328_obverse,obverse,4,,,0.5,0.417,24,0.598,0.44
P359202_reverse,reverse,11,11,0,0.182,0.167,48,0.027,0.44
P357469_reverse,reverse,7,,,0.143,,4,0.26,0.441
P357783_obverse,obverse,7,7,0,0.143,0.231,13,0.052,0.441
P358716_obverse,obverse,10,10,0,0.3,0.069,29,0.046,0.441
P361050_obverse,obverse,11,11,0,0.091,0.304,23,0.071,0.441
P333889_reverse,reverse,21,21,0,0.19,0.17,100,0.035,0.442
P357633_obverse,obverse,15,15,0,0.267,0.124,89,0.066,0.442
P357928_reverse,reverse,5,,,0.4,,3,0.515,0.442
P357943_reverse,reverse,8,,,0.25,,3,0.365,0.442
P358216_obverse,obverse,11,11,0,0.182,0.188,32,0.044,0.442
P358271_obverse,obverse,5,5,0,0.4,0.0,5,0.074,0.442
P358580_reverse,reverse,3,3,0,0.333,0.0,5,0.006,0.442
P359075_obverse,obverse,17,17,0,0.118,0.241,83,0.031,0.442
P359267_obverse,obverse,9,9,0,0.333,0.062,16,0.069,0.442
P368476_reverse,reverse,13,,,0.154,0.214,56,0.042,0.442
P389586_obverse,obverse,9,,,0.222,0.429,14,0.325,0.442
P389619_reverse,reverse,10,,,0.2,0.186,59,0.061,0.442
P359283_reverse,reverse,14,14,0,0.214,0.171,82,0.056,0.443
P389636_reverse,reverse,5,,,0.4,0.182,11,0.252,0.443
P390564_obverse,obverse,32,32,0,0.094,0.271,70,0.036,0.443
P250552_obverse,obverse,9,,,0.333,0.412,34,0.414,0.444
P357482_obverse,obverse,6,,,0.667,0.385,13,0.718,0.444
P358217_reverse,reverse,6,,,0.5,0.462,13,0.63,0.444
P389632_reverse,reverse,6,,,,,0,0.556,0.444
P260385_reverse,reverse,7,7,0,0.143,0.273,11,0.079,0.445
P358218_reverse,reverse,13,13,0,0.231,0.154,26,0.05,0.445
P389579_obverse,obverse,4,,,0.25,0.115,26,0.03,0.445
P389655_reverse,reverse,6,,,0.333,0.286,7,0.284,0.445
P389564_obverse,obverse,7,,,0.143,0.364,11,0.17,0.446
P389636_obverse,obverse,8,,,0.375,0.111,27,0.149,0.446
P358215_obverse,obverse,11,11,0,0.273,0.13,23,0.062,0.447
P358579_reverse,reverse,13,13,0,0.154,0.219,64,0.03,0.447
P389560_reverse,reverse,5,,,0.2,,3,0.307,0.447
P389654_obverse,obverse,9,,,0.222,,2,0.329,0.447
P357523_reverse,reverse,12,,,0.167,0.303,33,0.126,0.448
P357950_reverse,reverse,16,16,0,0.25,0.13,46,0.035,0.448
P358937_reverse,reverse,10,,,0.4,0.143,28,0.197,0.448
P359944_obverse,obverse,11,11,0,0.182,0.192,52,0.031,0.448
P393098_reverse,reverse,8,8,0,0.25,0.143,7,0.05,0.448
P357372_obverse,obverse,11,11,0,0.273,0.136,22,0.061,0.449
P357720_obverse,obverse,7,7,0,0.286,0.12,25,0.059,0.449
P359953_obverse,obverse,7,,,0.286,,3,0.388,0.449
P390653_reverse,reverse,11,,,0.182,0.48,75,0.314,0.449
P357449_obverse,obverse,6,6,0,0.167,0.2,15,0.015,0.45
P359954_reverse,reverse,16,16,0,0.188,0.2,95,0.037,0.45
P389603_obverse,obverse,6,,,0.333,0.118,17,0.101,0.45
P431273_reverse,reverse,4,,,,,0,0.55,0.45
P357358_obverse,obverse,14,14,0,0.214,0.22,59,0.082,0.451
P357668_obverse,obverse,11,11,0,0.182,0.241,29,0.071,0.451
P357680_reverse,reverse,14,14,0,0.214,0.214,84,0.074,0.451
P359174_reverse,reverse,14,14,0,0.214,0.163,43,0.023,0.451
P389571_obverse,obverse,8,,,0.25,,3,0.348,0.451
P333939_obverse,obverse,12,12,0,0.167,0.283,53,0.094,0.452
P357600_left,left,3,3,0,0.0,0.375,8,0.018,0.452
P357948_reverse,reverse,7,7,0,0.286,0.111,9,0.041,0.452
P359044_reverse,reverse,6,,,,,1,0.548,0.452
P368449_obverse,obverse,8,,,0.25,0.205,44,0.097,0.452
P261866_reverse,reverse,10,10,0,0.1,0.333,18,0.075,0.453
P357449_reverse,reverse,8,8,0,0.125,0.263,19,0.03,0.453
P357770_reverse,reverse,5,5,0,0.2,0.167,12,0.006,0.453
P359948_obverse,obverse,14,14,0,0.143,0.286,28,0.07,0.453
P358572_reverse,reverse,15,15,0,0.133,0.25,60,0.02,0.454
P361049_obverse,obverse,6,6,0,0.333,0.111,18,0.083,0.454
P389547_reverse,reverse,12,,,0.083,0.7,10,0.423,0.454
P260381_obverse,obverse,7,7,0,0.286,0.125,8,0.044,0.455
P261860_reverse,reverse,11,,,0.364,0.286,21,0.286,0.455
P333924_reverse,reverse,11,11,0,0.182,0.235,51,0.053,0.455
P357623_left,left,4,4,0,0.25,0.133,15,0.019,0.455
P359960_obverse,obverse,10,10,0,0.2,0.2,20,0.035,0.455
P361123_reverse,reverse,13,13,0,0.154,0.229,35,0.017,0.455
P357547_reverse,reverse,12,12,0,0.25,0.167,42,0.048,0.456
P357995_reverse,reverse,4,,,,,0,0.544,0.456
P389612_obverse,obverse,9,,,0.111,,3,0.198,0.456
P389665_reverse,reverse,6,,,0.333,0.222,9,0.188,0.456
P390569_reverse,reverse,14,14,0,0.214,0.241,58,0.087,0.456
P250564_reverse,reverse,12,,,0.333,0.433,67,0.394,0.457
P358212_reverse,reverse,16,16,0,0.312,0.156,45,0.098,0.457
P359108_reverse,reverse,10,10,0,0.2,0.196,46,0.026,0.457
P361041_reverse,reverse,11,11,0,0.182,0.273,33,0.083,0.457
P368445_reverse,reverse,13,,,0.308,0.144,90,0.081,0.457
P389543_reverse,reverse,12,,,0.333,0.412,34,0.375,0.457
P357757_obverse,obverse,21,21,0,0.238,0.16,100,0.024,0.458
P333882_left,left,3,3,0,0.333,0.059,17,0.015,0.459
P361032_left,left,3,3,0,0.0,0.417,12,0.038,0.459
P357705_left,left,3,3,0,0.0,0.4,5,0.02,0.46
P357961_reverse,reverse,6,,,,,0,0.54,0.46
P359291_obverse,obverse,17,17,0,0.235,0.167,48,0.022,0.46
P361090_reverse,reverse,16,16,0,0.125,0.282,39,0.025,0.461
P361616_reverse,reverse,8,,,0.25,0.5,10,0.366,0.461
P359060_left,left,4,4,0,0.25,0.136,22,0.0,0.462
P390641_obverse,obverse,12,12,0,0.167,0.267,15,0.046,0.462
P357425_obverse,obverse,15,15,0,0.133,0.292,24,0.037,0.463
P357758_left,left,3,3,0,0.333,0.083,12,0.028,0.463
P358555_reverse,reverse,12,12,0,0.25,0.167,60,0.027,0.463
P359152_reverse,reverse,7,7,0,0.286,0.13,23,0.026,0.463
P361129_obverse,obverse,17,17,0,0.294,0.221,68,0.126,0.463
P361132_left,left,5,5,0,0.4,0.0,11,0.012,0.463
P389640_obverse,obverse,5,,,0.6,0.5,8,0.71,0.463
P358279_obverse,obverse,18,18,0,0.111,0.333,12,0.053,0.464
P359370_left,left,3,3,0,0.0,0.4,5,0.007,0.464
P361047_obverse,obverse,11,11,0,0.273,0.15,60,0.03,0.464
P361132_reverse,reverse,17,17,0,0.235,0.18,89,0.024,0.464
P408035_reverse,reverse,4,,,,,0,0.536,0.464
P260376_reverse,reverse,12,12,0,0.333,0.114,35,0.053,0.465
P357804_obverse,obverse,11,11,0,0.364,0.139,36,0.106,0.465
P358485_obverse,obverse,11,11,0,0.273,0.148,54,0.025,0.465
P359065_obverse,obverse,16,16,0,0.188,0.227,66,0.02,0.465
P359275_obverse,obverse,15,15,0,0.2,0.227,75,0.033,0.465
P359274_obverse,obverse,23,23,0,0.261,0.18,100,0.047,0.465
P389666_reverse,reverse,5,,,0.4,0.364,11,0.368,0.465
P389580_reverse,reverse,7,,,0.429,0.5,8,0.53,0.466
P357767_reverse,reverse,2,2,0,0.0,0.4,5,0.0,0.467
P357835_left,left,3,3,0,0.333,0.1,10,0.032,0.467
P361156_reverse,reverse,9,9,0,0.111,0.333,6,0.044,0.467
P389607_obverse,obverse,10,,,0.3,0.184,38,0.084,0.467
P357481_obverse,obverse,5,,,0.4,,4,0.464,0.468
P357721_reverse,reverse,6,6,0,0.0,0.429,7,0.024,0.468
P359219_reverse,reverse,7,7,0,0.286,0.143,14,0.024,0.468
P357344_left,left,4,4,0,0.0,0.429,7,0.02,0.469
P358428_obverse,obverse,10,10,0,0.3,0.135,37,0.028,0.469
P359121_obverse,obverse,7,7,0,0.286,0.158,19,0.037,0.469
P368446_obverse,obverse,14,,,0.429,0.27,100,0.29,0.469
P389630_reverse,reverse,8,,,0.25,0.462,13,0.304,0.469
P389641_obverse,obverse,9,,,0.333,0.357,14,0.284,0.469
P333921_reverse,reverse,13,13,0,0.154,0.273,55,0.017,0.47
P357721_obverse,obverse,9,9,0,0.333,0.093,43,0.017,0.47
P357901_obverse,obverse,6,6,0,0.167,0.267,15,0.02,0.471
P358213_obverse,obverse,12,12,0,0.083,0.4,10,0.072,0.471
P361087_obverse,obverse,15,15,0,0.133,0.333,27,0.054,0.471
P389540_reverse,reverse,6,,,0.167,,2,0.225,0.471
P389567_reverse,reverse,6,,,0.0,,2,0.059,0.471
P357400_obverse,obverse,4,4,0,0.0,,4,0.057,0.472
P357973_reverse,reverse,8,,,,,0,0.528,0.472
P358228_obverse,obverse,16,16,0,0.312,0.141,85,0.037,0.472
P333932_obverse,obverse,7,7,0,0.143,0.316,19,0.038,0.473
P357601_reverse,reverse,9,9,0,0.444,0.0,5,0.027,0.473
P357655_reverse,reverse,13,13,0,0.154,0.292,24,0.026,0.473
P357673_reverse,reverse,24,24,0,0.25,0.2,100,0.031,0.473
P357835_reverse,reverse,19,19,0,0.316,0.174,86,0.072,0.473
P358268_obverse,obverse,7,7,0,0.0,,4,0.054,0.473
P358602_obverse,obverse,11,11,0,0.182,0.27,37,0.034,0.473
P359178_reverse,reverse,9,9,0,0.222,0.25,12,0.053,0.473
P359184_obverse,obverse,11,11,0,0.182,0.25,12,0.013,0.473
P359941_reverse,reverse,15,15,0,0.0,,3,0.055,0.473
P361126_reverse,reverse,14,14,0,0.214,0.267,30,0.062,0.473
P357794_obverse,obverse,16,16,0,0.25,0.2,30,0.027,0.474
P359198_reverse,reverse,8,8,0,0.25,0.235,17,0.063,0.474
P272898_obverse,obverse,12,12,0,0.25,0.212,66,0.037,0.475
P357629_left,left,3,3,0,0.0,0.444,9,0.019,0.475
P357645_obverse,obverse,17,17,0,0.235,0.232,99,0.043,0.475
P357900_obverse,obverse,7,7,0,0.286,0.172,29,0.033,0.475
P358625_reverse,reverse,12,12,0,0.25,0.196,46,0.019,0.475
P359072_left,left,4,4,0,0.25,0.2,5,0.026,0.475
P359238_reverse,reverse,12,12,0,0.083,0.4,5,0.058,0.475
P359367_reverse,reverse,11,11,0,0.0,,2,0.049,0.475
P357765_reverse,reverse,8,8,0,0.25,0.241,29,0.062,0.476
P358223_obverse,obverse,13,13,0,0.154,0.333,33,0.059,0.476
P358614_obverse,obverse,14,14,0,0.214,0.247,81,0.032,0.476
P359237_obverse,obverse,13,13,0,0.308,0.148,27,0.029,0.476
P359357_reverse,reverse,5,,,0.4,,2,0.449,0.476
P389564_reverse,reverse,5,,,,,0,0.524,0.476
P358209_obverse,obverse,13,13,0,0.231,0.289,45,0.09,0.477
P358227_obverse,obverse,6,6,0,0.0,,4,0.046,0.477
P357578_obverse,obverse,8,8,0,0.375,0.125,16,0.067,0.478
P358525_reverse,reverse,9,9,0,0.222,0.241,29,0.03,0.478
P358546_obverse,obverse,15,15,0,0.2,0.256,82,0.021,0.478
P358614_reverse,reverse,14,14,0,0.143,0.316,79,0.027,0.478
P359290_reverse,reverse,19,19,0,0.263,0.213,94,0.041,0.478
P361138_reverse,reverse,11,11,0,0.182,0.295,44,0.044,0.478
P361155_obverse,obverse,8,8,0,0.25,0.2,10,0.015,0.478
P389607_reverse,reverse,11,,,0.364,0.134,82,0.063,0.478
P357551_reverse,reverse,4,4,0,0.25,0.2,5,0.014,0.479
P357759_obverse,obverse,6,6,0,0.0,,3,0.042,0.479
P361103_left,left,4,4,0,0.25,0.214,14,0.028,0.479
P358622_obverse,obverse,9,9,0,0.333,0.167,36,0.061,0.48
P358722_reverse,reverse,11,11,0,0.273,0.212,33,0.044,0.48
P359346_reverse,reverse,7,7,0,0.0,,3,0.041,0.48
P361059_obverse,obverse,11,11,0,0.273,0.194,67,0.028,0.48
P358188_left,left,3,3,0,0.333,0.111,9,0.0,0.481
P357681_left,left,3,3,0,0.333,0.125,8,0.014,0.482
P357780_obverse,obverse,21,21,0,0.095,0.412,17,0.061,0.482
P357980_obverse,obverse,6,,,0.167,0.6,5,0.322,0.482
P358265_obverse,obverse,6,6,0,0.333,0.143,14,0.031,0.482
P358603_left,left,3,3,0,0.333,0.125,8,0.014,0.482
P359296_obverse,obverse,15,15,0,0.2,0.278,18,0.033,0.482
P359360_reverse,reverse,5,,,,,0,0.518,0.482
P359945_obverse,obverse,16,16,0,0.0,,3,0.036,0.482
P389547_obverse,obverse,14,,,0.286,0.5,12,0.34,0.482
P389631_obverse,obverse,8,,,0.375,0.143,21,0.072,0.482
P389662_reverse,reverse,7,,,0.429,0.364,11,0.346,0.482
P358215_reverse,reverse,12,12,0,0.333,0.171,41,0.056,0.483
P358605_left,left,4,4,0,0.0,,2,0.034,0.483
P359948_right,right,4,4,0,0.0,,3,0.034,0.483
P361043_obverse,obverse,14,14,0,0.143,0.342,38,0.035,0.483
P361674_reverse,reverse,9,9,0,0.333,0.158,19,0.041,0.483
P358716_reverse,reverse,12,12,0,0.25,0.222,27,0.019,0.484
P359205_reverse,reverse,12,12,0,0.333,0.148,54,0.031,0.484
P361613_obverse,obverse,12,12,0,0.333,0.155,58,0.038,0.484
P357410_reverse,reverse,13,,,0.385,0.184,49,0.114,0.485
P357515_reverse,reverse,12,12,0,0.167,0.367,30,0.079,0.485
P357740_obverse,obverse,9,9,0,0.444,0.065,31,0.054,0.485
P361122_reverse,reverse,14,14,0,0.143,0.345,29,0.032,0.485
P357656_obverse,obverse,17,17,0,0.294,0.19,100,0.027,0.486
P358283_obverse,obverse,9,9,0,0.333,0.182,11,0.058,0.486
P359206_reverse,reverse,10,10,0,0.0,,2,0.029,0.486
P359971_reverse,reverse,11,11,0,0.273,0.227,22,0.042,0.486
P368335_obverse,obverse,22,22,0,0.273,0.26,100,0.074,0.486
P357347_left,left,4,4,0,0.0,0.5,6,0.04,0.487
P357796_obverse,obverse,11,11,0,0.182,0.375,8,0.095,0.487
P359280_reverse,reverse,14,14,0,0.0,,3,0.027,0.487
P389630_obverse,obverse,8,,,0.375,0.429,14,0.344,0.487
P358272_reverse,reverse,6,6,0,0.333,0.154,13,0.022,0.488
P359200_obverse,obverse,10,10,0,0.3,0.193,57,0.03,0.488
P359280_left,left,5,5,0,0.0,,3,0.024,0.488
P357540_obverse,obverse,4,4,0,0.0,,2,0.022,0.489
P358540_reverse,reverse,19,19,0,0.211,0.29,100,0.032,0.489
P358795_reverse,reverse,9,,,0.333,0.35,40,0.216,0.489
P358969_obverse,obverse,7,,,0.429,0.306,36,0.268,0.489
P359211_obverse,obverse,9,9,0,0.222,0.278,54,0.034,0.489
P359950_reverse,reverse,17,17,0,0.118,0.385,26,0.035,0.489
P389561_reverse,reverse,11,,,0.182,0.6,15,0.314,0.489
P389582_reverse,reverse,12,,,0.333,0.36,100,0.228,0.489
P431269_obverse,obverse,5,,,0.4,0.333,15,0.265,0.489
P332984_reverse,reverse,13,,,0.308,0.256,90,0.092,0.49
P357396_reverse,reverse,5,5,0,0.4,0.1,10,0.031,0.49
P357532_obverse,obverse,13,13,0,0.154,0.381,21,0.064,0.49
P357611_obverse,obverse,7,7,0,0.0,,2,0.019,0.49
P358204_reverse,reverse,13,13,0,0.308,0.222,63,0.059,0.49
P361096_obverse,obverse,12,12,0,0.25,0.25,12,0.031,0.49
P389644_reverse,reverse,8,,,0.375,0.154,13,0.059,0.49
P358605_obverse,obverse,16,16,0,0.312,0.19,63,0.031,0.491
P359132_obverse,obverse,12,12,0,0.333,0.17,47,0.03,0.491
P357784_obverse,obverse,10,10,0,0.3,0.222,9,0.045,0.492
P357949_reverse,reverse,4,4,0,0.25,0.25,12,0.023,0.492
P358281_reverse,reverse,9,9,0,0.444,0.062,16,0.032,0.492
P358625_obverse,obverse,11,11,0,0.364,0.148,27,0.035,0.492
P359103_obverse,obverse,12,12,0,0.25,0.25,52,0.025,0.492
P361163_left,left,4,4,0,0.0,,2,0.016,0.492
P357563_reverse,reverse,6,6,0,0.167,0.4,5,0.088,0.493
P357590_obverse,obverse,16,16,0,0.375,0.15,100,0.047,0.493
P357946_reverse,reverse,5,,,,,0,0.507,0.493
P359086_left,left,3,3,0,0.0,,4,0.014,0.493
P359201_left,left,4,4,0,0.0,,2,0.015,0.493
P359296_left,left,4,4,0,0.0,,4,0.014,0.493
P361117_reverse,reverse,20,,,0.45,0.13,100,0.1,0.493
P361133_obverse,obverse,16,16,0,0.188,0.324,34,0.032,0.493
P361193_reverse,reverse,7,,,,,0,0.507,0.493
P431269_reverse,reverse,7,,,,,1,0.507,0.493
P357413_reverse,reverse,5,5,0,0.2,0.296,27,0.014,0.494
P357954_obverse,obverse,6,6,0,0.333,0.182,11,0.034,0.494
P359160_left,left,4,4,0,0.0,,4,0.012,0.494
P430035_reverse,reverse,13,,,0.231,0.357,84,0.106,0.494
P333926_reverse,reverse,16,16,0,0.25,0.271,85,0.035,0.495
P357840_reverse,reverse,15,15,0,0.267,0.244,41,0.027,0.495
P358464_reverse,reverse,10,10,0,0.1,0.415,41,0.028,0.495
P359099_left,left,3,3,0,0.0,,2,0.01,0.495
P390565_obverse,obverse,8,8,0,0.25,0.258,31,0.022,0.495
P357524_reverse,reverse,11,11,0,0.364,0.182,33,0.058,0.496
P357747_reverse,reverse,11,11,0,0.182,0.342,38,0.034,0.496
P358324_obverse,obverse,16,,,0.188,0.421,38,0.119,0.496
P359065_left,left,3,3,0,0.0,,2,0.008,0.496
P359310_obverse,obverse,11,11,0,0.182,0.353,34,0.046,0.496
P361131_obverse,obverse,14,14,0,0.286,0.234,47,0.032,0.496
P333938_obverse,obverse,14,14,0,0.071,0.448,29,0.029,0.497
P357354_reverse,reverse,20,20,0,0.25,0.27,100,0.029,0.497
P357412_reverse,reverse,7,7,0,0.429,0.095,21,0.032,0.497
P359078_left,left,3,3,0,0.0,,4,0.005,0.497
P389595_reverse,reverse,6,,,,,1,0.503,0.497
P390568_reverse,reverse,14,14,0,0.429,0.101,69,0.04,0.497
P357898_reverse,reverse,4,,,,,0,0.502,0.498
P358232_reverse,reverse,4,,,,,0,0.502,0.498
P358445_obverse,obverse,9,9,0,0.333,0.182,33,0.017,0.499
P358622_reverse,reverse,7,7,0,0.143,0.391,23,0.037,0.499
P359205_obverse,obverse,11,11,0,0.364,0.158,38,0.024,0.499
P260381_right,right,2,2,0,0.0,,3,0.0,0.5
P261874_left,left,2,2,0,0.0,0.5,12,0.0,0.5
P333895_left,left,3,3,0,0.0,,3,0.0,0.5
P333932_reverse,reverse,2,2,0,0.5,0.0,5,0.0,0.5
P357603_left,left,2,2,0,0.0,,2,0.0,0.5
P357750_obverse,obverse,13,13,0,0.231,0.31,42,0.041,0.5
P357966_reverse,reverse,2,2,0,0.0,,2,0.0,0.5
P358613_left,left,2,2,0,0.0,,4,0.0,0.5
P358832_reverse,reverse,9,,,0.333,0.6,10,0.434,0.5
P359361_obverse,obverse,8,8,0,0.25,0.286,7,0.037,0.5
P359374_left,left,2,2,0,0.0,,2,0.0,0.5
P359970_right,right,2,2,0,0.0,0.5,8,0.0,0.5
P361089_left,left,2,2,0,0.0,,2,0.0,0.5
P361635_left,left,2,2,0,0.5,0.0,7,0.0,0.5
P357502_obverse,obverse,13,13,0,0.231,0.288,59,0.015,0.501
P357765_obverse,obverse,8,8,0,0.375,0.185,27,0.058,0.501
P357959_obverse,obverse,6,6,0,0.333,0.2,15,0.031,0.501
P361127_reverse,reverse,20,20,0,0.15,0.395,38,0.041,0.501
P389541_obverse,obverse,8,,,0.25,0.391,23,0.14,0.501
P357577_obverse,obverse,13,13,0,0.231,0.353,51,0.077,0.502
P389629_obverse,obverse,9,,,0.222,0.37,27,0.085,0.502
P406212_reverse,reverse,9,,,0.444,0.125,24,0.064,0.502
P333890_reverse,reverse,13,13,0,0.308,0.25,24,0.049,0.503
P357384_reverse,reverse,12,12,0,0.333,0.214,56,0.038,0.503
P357960_reverse,reverse,9,,,0.556,0.0,14,0.046,0.503
P359081_reverse,reverse,15,15,0,0.333,0.222,63,0.047,0.503
P361104_left,left,3,3,0,0.333,0.2,5,0.023,0.503
P389674_reverse,reverse,8,,,0.125,,3,0.12,0.503
P261859_reverse,reverse,5,5,0,0.4,0.143,14,0.031,0.504
P357548_obverse,obverse,10,10,0,0.3,0.28,25,0.069,0.504
P357770_obverse,obverse,8,8,0,0.375,0.222,9,0.086,0.504
P358570_reverse,reverse,16,16,0,0.188,0.352,71,0.027,0.504
P358773_obverse,obverse,10,10,0,0.2,0.333,6,0.022,0.504
P357542_reverse,reverse,14,14,0,0.286,0.276,29,0.047,0.505
P359157_reverse,reverse,4,4,0,0.0,0.529,17,0.015,0.505
P359375_obverse,obverse,6,6,0,0.333,0.25,8,0.068,0.505
P361144_reverse,reverse,10,10,0,0.3,0.238,42,0.024,0.505
P390641_reverse,reverse,13,13,0,0.077,,4,0.067,0.505
P360782_obverse,obverse,15,15,0,0.333,0.237,38,0.051,0.506
P368347_obverse,obverse,9,9,0,0.333,0.233,30,0.049,0.506
P416511_reverse,reverse,9,,,0.444,0.4,45,0.326,0.506
P358248_obverse,obverse,11,11,0,0.364,0.246,61,0.089,0.507
P359107_obverse,obverse,10,10,0,0.3,0.286,21,0.065,0.507
P359123_reverse,reverse,12,12,0,0.25,0.292,24,0.021,0.507
P260384_reverse,reverse,7,7,0,0.429,0.143,14,0.047,0.508
P333900_left,left,4,4,0,0.25,0.273,22,0.0,0.508
P357811_reverse,reverse,9,,,0.222,0.4,5,0.099,0.508
P358795_obverse,obverse,19,19,0,0.211,0.348,46,0.034,0.508
P359188_reverse,reverse,7,7,0,0.429,0.136,22,0.042,0.508
P389583_reverse,reverse,12,,,0.25,0.5,32,0.226,0.508
P333896_obverse,obverse,16,16,0,0.25,0.316,38,0.038,0.509
P357372_reverse,reverse,13,13,0,0.231,0.36,25,0.063,0.509
P357420_reverse,reverse,8,,,0.5,0.238,21,0.212,0.509
P357512_obverse,obverse,22,22,0,0.273,0.312,96,0.058,0.509
P359071_reverse,reverse,19,19,0,0.053,0.5,6,0.026,0.509
P389640_reverse,reverse,5,,,0.4,0.3,10,0.172,0.509
P359306_obverse,obverse,11,11,0,0.455,0.095,21,0.02,0.51
P357964_reverse,reverse,19,19,0,0.263,0.348,23,0.077,0.511
P358212_obverse,obverse,15,15,0,0.333,0.237,59,0.038,0.511
P358605_reverse,reverse,16,16,0,0.312,0.25,48,0.029,0.511
P359964_obverse,obverse,9,9,0,0.333,0.24,25,0.041,0.511
P361135_reverse,reverse,15,15,0,0.4,0.2,80,0.066,0.511
P361175_reverse,reverse,4,,,,,0,0.488,0.512
P389635_reverse,reverse,8,,,0.375,0.25,12,0.088,0.512
P333905_reverse,reverse,17,17,0,0.176,0.405,37,0.044,0.513
P357648_obverse,obverse,10,10,0,0.4,0.2,10,0.06,0.513
P357941_obverse,obverse,9,9,0,0.444,0.125,16,0.031,0.513
P359181_reverse,reverse,8,8,0,0.25,0.316,19,0.028,0.513
P358200_obverse,obverse,7,7,0,0.429,0.167,12,0.053,0.514
P358536_obverse,obverse,15,15,0,0.267,0.333,96,0.057,0.514
P358599_obverse,obverse,14,14,0,0.286,0.289,83,0.032,0.514
P358718_reverse,reverse,14,14,0,0.429,0.138,58,0.025,0.514
P359296_reverse,reverse,17,17,0,0.176,0.387,31,0.021,0.514
P359956_obverse,obverse,23,23,0,0.261,0.3,50,0.018,0.514
P361118_obverse,obverse,16,16,0,0.375,0.239,71,0.073,0.514
P361130_reverse,reverse,18,18,0,0.222,0.365,63,0.045,0.514
P357612_obverse,obverse,16,16,0,0.312,0.293,99,0.059,0.515
P357821_obverse,obverse,14,14,0,0.071,,4,0.041,0.515
P359220_reverse,reverse,4,4,0,0.25,0.333,9,0.037,0.515
P361128_left,left,4,4,0,0.25,0.316,19,0.022,0.515
P361147_reverse,reverse,5,5,0,0.2,0.364,11,0.018,0.515
P368446_reverse,reverse,16,,,0.625,0.24,100,0.319,0.515
P260397_reverse,reverse,4,,,,,0,0.484,0.516
P358579_obverse,obverse,13,13,0,0.308,0.262,65,0.022,0.516
P358711_obverse,obverse,20,20,0,0.2,0.382,55,0.034,0.516
P359089_obverse,obverse,10,10,0,0.3,0.281,32,0.033,0.516
P359312_reverse,reverse,10,10,0,0.1,0.467,15,0.02,0.516
P384793_obverse,obverse,8,,,,,1,0.484,0.516
P389619_obverse,obverse,9,,,0.444,0.219,32,0.114,0.516
P390569_obverse,obverse,13,13,0,0.308,0.279,61,0.037,0.516
P357617_left,left,4,4,0,0.25,0.3,10,0.0,0.517
P357616_reverse,reverse,16,16,0,0.312,0.268,82,0.031,0.517
P361044_reverse,reverse,16,16,0,0.375,0.256,86,0.079,0.517
P361136_reverse,reverse,18,18,0,0.167,0.429,7,0.043,0.517
P389669_reverse,reverse,8,,,0.375,,2,0.341,0.517
P390699_obverse,obverse,14,14,0,0.286,0.312,16,0.049,0.517
P357618_obverse,obverse,28,28,0,0.071,,3,0.036,0.518
P358287_obverse,obverse,4,4,0,0.25,0.333,6,0.03,0.518
P358538_reverse,reverse,10,10,0,0.3,0.283,60,0.028,0.518
P359247_obverse,obverse,13,13,0,0.077,,4,0.041,0.518
P359273_left,left,3,3,0,0.333,0.231,13,0.009,0.518
P360778_reverse,reverse,9,9,0,0.333,0.273,11,0.051,0.518
P361146_reverse,reverse,11,11,0,0.455,0.189,37,0.091,0.518
P357338_obverse,obverse,14,14,0,0.357,0.29,62,0.092,0.519
P357391_reverse,reverse,5,5,0,0.4,0.2,5,0.042,0.519
P357542_obverse,obverse,16,16,0,0.375,0.268,41,0.086,0.519
P357633_reverse,reverse,17,17,0,0.294,0.347,95,0.083,0.519
P357948_obverse,obverse,10,10,0,0.3,0.3,40,0.042,0.519
P361035_obverse,obverse,14,14,0,0.5,0.139,36,0.081,0.519
P333908_reverse,reverse,23,23,0,0.217,0.375,40,0.031,0.52
P357545_reverse,reverse,11,11,0,0.273,0.333,27,0.046,0.52
P358508_obverse,obverse,10,10,0,0.3,0.286,35,0.026,0.52
P359147_obverse,obverse,11,11,0,0.273,0.333,39,0.047,0.52
P359391_obverse,obverse,16,16,0,0.25,0.345,55,0.035,0.52
P333929_obverse,obverse,9,9,0,0.444,0.179,28,0.06,0.521
P357384_obverse,obverse,14,14,0,0.357,0.283,46,0.078,0.521
P357631_obverse,obverse,14,14,0,0.357,0.268,71,0.061,0.521
P358625_left,left,3,3,0,0.333,0.25,8,0.019,0.521
P359122_reverse,reverse,14,14,0,0.071,,2,0.029,0.521
P359976_obverse,obverse,13,13,0,0.308,0.292,24,0.036,0.521
P361097_reverse,reverse,13,13,0,0.385,0.238,42,0.06,0.521
P361138_obverse,obverse,10,10,0,0.2,0.412,17,0.048,0.521
P361153_obverse,obverse,15,15,0,0.067,,3,0.024,0.521
P361167_obverse,obverse,5,5,0,0.4,0.176,17,0.015,0.521
P357552_obverse,obverse,9,9,0,0.333,0.29,31,0.059,0.522
P361142_left,left,5,5,0,0.2,0.375,8,0.01,0.522
P260358_reverse,reverse,7,7,0,0.286,0.333,12,0.051,0.523
P357562_obverse,obverse,12,12,0,0.25,0.36,25,0.041,0.523
P358540_left,left,4,4,0,0.25,0.333,6,0.014,0.523
P389593_obverse,obverse,9,,,0.444,0.26,73,0.137,0.523
P357521_obverse,obverse,12,12,0,0.25,0.4,20,0.077,0.524
P357694_left,left,4,4,0,0.25,0.333,9,0.013,0.524
P358534_left,left,5,5,0,0.2,0.389,18,0.018,0.524
P359071_left,left,5,5,0,0.2,0.4,5,0.029,0.524
P359177_reverse,reverse,12,12,0,0.333,0.257,35,0.02,0.524
P359217_reverse,reverse,5,5,0,0.2,0.4,5,0.029,0.524
P390545_reverse,reverse,11,11,0,0.091,,2,0.043,0.524
P357419_reverse,reverse,8,,,0.375,0.375,8,0.176,0.525
P357952_reverse,reverse,4,4,0,0.25,0.333,12,0.009,0.525
P358259_reverse,reverse,23,23,0,0.391,0.25,100,0.067,0.525
P359102_obverse,obverse,12,12,0,0.333,0.281,57,0.038,0.525
P361129_reverse,reverse,17,17,0,0.294,0.323,62,0.043,0.525
P389585_obverse,obverse,10,,,0.3,0.55,40,0.274,0.525
P358261_obverse,obverse,6,6,0,0.5,0.125,24,0.046,0.526
P358536_reverse,reverse,16,16,0,0.312,0.301,93,0.036,0.526
P359095_reverse,reverse,15,15,0,0.333,0.281,57,0.037,0.526
P359353_obverse,obverse,12,12,0,0.333,0.276,29,0.03,0.526
P357382_obverse,obverse,13,13,0,0.385,0.288,73,0.092,0.527
P357469_obverse,obverse,8,,,0.125,,3,0.072,0.527
P357693_obverse,obverse,13,13,0,0.385,0.242,33,0.046,0.527
P397766_reverse,reverse,3,,,0.667,0.438,32,0.525,0.527
P260353_obverse,obverse,6,,,0.5,0.2,20,0.117,0.528
P261874_obverse,obverse,11,11,0,0.273,0.333,9,0.023,0.528
P357482_reverse,reverse,7,,,0.286,0.833,6,0.534,0.528
P357757_reverse,reverse,23,23,0,0.348,0.26,100,0.024,0.528
P357758_obverse,obverse,15,15,0,0.267,0.333,9,0.017,0.528
P358574_obverse,obverse,10,10,0,0.3,0.311,45,0.026,0.528
P359078_reverse,reverse,13,13,0,0.077,,4,0.022,0.528
P359335_reverse,reverse,6,,,0.167,0.833,6,0.417,0.528
P359391_reverse,reverse,14,14,0,0.357,0.273,44,0.047,0.528
P368445_obverse,obverse,14,,,0.429,0.233,90,0.078,0.528
P260371_left,left,4,4,0,0.0,0.615,13,0.029,0.529
P357367_obverse,obverse,11,11,0,0.364,0.27,37,0.047,0.529
P357532_reverse,reverse,13,13,0,0.308,0.333,27,0.053,0.529
P358547_reverse,reverse,13,13,0,0.231,0.391,69,0.035,0.529
P359183_reverse,reverse,11,11,0,0.091,,2,0.033,0.529
P359267_reverse,reverse,10,10,0,0.4,0.267,15,0.08,0.529
P361142_obverse,obverse,10,10,0,0.3,0.333,39,0.045,0.529
P361177_obverse,obverse,9,9,0,0.333,0.308,13,0.055,0.529
P389588_obverse,obverse,9,,,0.444,0.216,37,0.074,0.529
P390570_obverse,obverse,11,11,0,0.364,0.318,44,0.096,0.529
P357753_reverse,reverse,11,11,0,0.273,0.346,26,0.03,0.53
P357951_obverse,obverse,23,23,0,0.435,0.2,15,0.044,0.53
P357965_obverse,obverse,5,5,0,0.4,0.25,8,0.059,0.53
P358412_reverse,reverse,11,11,0,0.364,0.25,56,0.024,0.53
P389600_obverse,obverse,8,,,0.5,0.176,17,0.087,0.53
P357695_left,left,5,5,0,0.4,0.217,23,0.025,0.531
P358474_reverse,reverse,8,8,0,0.375,0.25,32,0.032,0.531
P359944_reverse,reverse,17,17,0,0.235,0.395,43,0.036,0.531
P389549_reverse,reverse,4,,,0.5,0.25,8,0.156,0.531
P423547_reverse,reverse,5,,,0.6,0.512,43,0.518,0.531
P357509_reverse,reverse,10,10,0,0.3,0.375,32,0.08,0.532
P358508_reverse,reverse,10,10,0,0.3,0.333,45,0.038,0.532
P359066_obverse,obverse,25,25,0,0.4,0.223,94,0.028,0.532
P359302_reverse,reverse,4,,,0.5,,4,0.436,0.532
P359364_obverse,obverse,10,10,0,0.1,,4,0.036,0.532
P361143_reverse,reverse,14,14,0,0.357,0.283,53,0.044,0.532
P358722_obverse,obverse,11,11,0,0.273,0.366,41,0.041,0.533
P359951_reverse,reverse,10,10,0,0.1,,3,0.034,0.533
P361045_obverse,obverse,13,13,0,0.462,0.19,63,0.053,0.533
P358197_obverse,obverse,9,9,0,0.111,,3,0.042,0.534
P359149_obverse,obverse,11,11,0,0.273,0.375,32,0.046,0.534
P359167_reverse,reverse,10,10,0,0.1,,2,0.033,0.534
P359227_obverse,obverse,7,7,0,0.286,0.333,18,0.018,0.534
P357352_left,left,2,2,0,0.5,0.105,19,0.0,0.535
P357382_reverse,reverse,12,12,0,0.25,0.412,34,0.058,0.535
P357573_reverse,reverse,11,11,0,0.364,0.274,62,0.032,0.535
P358208_obverse,obverse,16,16,0,0.438,0.223,94,0.056,0.535
P359327_reverse,reverse,9,9,0,0.444,0.205,44,0.044,0.535
P361103_reverse,reverse,12,12,0,0.5,0.2,85,0.094,0.535
P361610_left,left,5,5,0,0.2,0.429,7,0.023,0.535
P430035_obverse,obverse,12,,,0.5,0.182,55,0.077,0.535
P423548_reverse,reverse,11,,,0.273,0.423,52,0.092,0.535
P260349_obverse,obverse,7,,,0.429,0.455,11,0.275,0.536
P333886_obverse,obverse,18,18,0,0.389,0.255,98,0.037,0.536
P357407_left,left,3,3,0,0.0,0.615,13,0.008,0.536
P357686_obverse,obverse,10,10,0,0.3,0.364,11,0.056,0.536
P357687_reverse,reverse,5,,,,,0,0.464,0.536
P357738_obverse,obverse,5,5,0,0.4,0.231,13,0.023,0.536
P357943_obverse,obverse,10,10,0,0.4,0.235,17,0.027,0.536
P359276_reverse,reverse,15,15,0,0.4,0.257,74,0.05,0.536
P359971_obverse,obverse,15,15,0,0.133,0.5,34,0.024,0.536
P361136_obverse,obverse,17,17,0,0.118,0.522,23,0.032,0.536
P260378_obverse,obverse,10,10,0,0.1,,4,0.027,0.537
P357547_obverse,obverse,12,12,0,0.25,0.393,28,0.032,0.537
P357603_reverse,reverse,11,11,0,0.273,0.371,35,0.034,0.537
P357831_reverse,reverse,13,13,0,0.385,0.25,52,0.024,0.537
P357900_reverse,reverse,11,11,0,0.364,0.289,38,0.042,0.537
P358538_obverse,obverse,11,11,0,0.364,0.277,65,0.029,0.537
P359078_obverse,obverse,12,12,0,0.333,0.321,28,0.044,0.537
P359080_obverse,obverse,6,6,0,0.167,0.455,11,0.011,0.537
P359100_obverse,obverse,13,13,0,0.385,0.286,42,0.059,0.537
P359201_obverse,obverse,9,9,0,0.444,0.2,25,0.033,0.537
P361611_obverse,obverse,17,17,0,0.353,0.323,62,0.066,0.537
P390675_reverse,reverse,16,16,0,0.375,0.267,15,0.031,0.537
P260386_reverse,reverse,10,10,0,0.1,,3,0.024,0.538
P357602_reverse,reverse,22,22,0,0.227,0.45,100,0.063,0.538
P359140_reverse,reverse,9,9,0,0.111,,4,0.036,0.538
P359250_reverse,reverse,11,11,0,0.273,0.375,16,0.033,0.538
P359946_obverse,obverse,13,13,0,0.077,,2,0.0,0.538
P358585_left,left,3,3,0,0.333,0.304,23,0.021,0.539
P359076_left,left,4,4,0,0.25,0.375,8,0.009,0.539
P359185_obverse,obverse,9,9,0,0.111,,4,0.034,0.539
P359294_obverse,obverse,15,15,0,0.267,0.396,53,0.045,0.539
P359336_reverse,reverse,5,5,0,0.2,0.429,7,0.013,0.539
P357494_obverse,obverse,15,15,0,0.4,0.243,74,0.024,0.54
P357720_reverse,reverse,8,8,0,0.25,0.412,17,0.043,0.54
P357840_obverse,obverse,12,12,0,0.333,0.358,67,0.072,0.54
P359281_obverse,obverse,18,18,0,0.333,0.319,47,0.034,0.54
P361134_obverse,obverse,11,11,0,0.273,0.372,43,0.024,0.54
P368425_obverse,obverse,14,14,0,0.429,0.242,99,0.052,0.54
P368434_obverse,obverse,8,,,0.375,0.308,13,0.061,0.54
P333899_obverse,obverse,14,14,0,0.5,0.191,94,0.069,0.541
P357667_obverse,obverse,12,12,0,0.333,0.34,53,0.05,0.541
P358223_reverse,reverse,13,13,0,0.462,0.197,71,0.035,0.541
P358526_obverse,obverse,9,9,0,0.333,0.317,41,0.027,0.541
P358697_obverse,obverse,14,14,0,0.357,0.291,55,0.024,0.541
P359276_obverse,obverse,15,15,0,0.4,0.253,79,0.031,0.541
P389656_reverse,reverse,12,,,0.583,0.2,25,0.16,0.541
P357477_reverse,reverse,11,,,0.455,0.577,26,0.404,0.542
P357581_left,left,3,3,0,0.333,0.312,16,0.019,0.542
P357635_obverse,obverse,14,14,0,0.357,0.345,58,0.075,0.542
P357694_reverse,reverse,11,11,0,0.364,0.289,45,0.028,0.542
P357729_left,left,4,4,0,0.25,0.375,8,0.0,0.542
P357766_reverse,reverse,7,7,0,0.429,0.286,14,0.087,0.542
P358254_reverse,reverse,8,,,,,0,0.458,0.542
P358713_obverse,obverse,10,10,0,0.3,0.364,33,0.039,0.542
P359186_reverse,reverse,2,2,0,0.5,0.125,8,0.0,0.542
P359203_obverse,obverse,8,8,0,0.125,,2,0.04,0.542
P359203_reverse,reverse,9,9,0,0.111,,2,0.027,0.542
P389549_obverse,obverse,9,,,0.444,0.455,11,0.274,0.542
P389574_reverse,reverse,3,,,0.333,0.308,13,0.015,0.542
P389603_reverse,reverse,10,,,0.4,0.306,36,0.08,0.542
P390560_obverse,obverse,5,5,0,0.4,0.25,8,0.024,0.542
P260381_reverse,reverse,7,7,0,0.286,0.4,10,0.057,0.543
P357511_obverse,obverse,16,16,0,0.375,0.328,61,0.074,0.543
P357585_obverse,obverse,13,13,0,0.308,0.371,35,0.052,0.543
P357837_reverse,reverse,21,21,0,0.143,0.531,49,0.046,0.543
P358594_reverse,reverse,22,22,0,0.364,0.34,100,0.075,0.543
P359219_obverse,obverse,7,7,0,0.286,0.364,22,0.02,0.543
P359330_obverse,obverse,10,10,0,0.3,0.356,45,0.027,0.543
P261869_reverse,reverse,7,,,0.429,0.4,10,0.196,0.544
P261873_reverse,reverse,10,10,0,0.5,0.154,13,0.023,0.544
P359252_reverse,reverse,13,13,0,0.231,0.427,75,0.027,0.544
P361055_reverse,reverse,11,11,0,0.364,0.289,45,0.019,0.544
P389651_obverse,obverse,9,,,0.444,0.24,25,0.054,0.544
P357366_reverse,reverse,20,20,0,0.35,0.33,100,0.045,0.545
P357631_reverse,reverse,9,9,0,0.444,0.217,46,0.027,0.545
P359322_obverse,obverse,10,10,0,0.3,0.389,36,0.055,0.545
P359949_reverse,reverse,17,17,0,0.118,0.545,11,0.029,0.545
P361116_reverse,reverse,13,13,0,0.308,0.385,39,0.056,0.545
P361302_reverse,reverse,14,14,0,0.357,0.32,100,0.041,0.545
P333897_reverse,reverse,6,6,0,0.333,0.348,23,0.043,0.546
P357480_reverse,reverse,11,,,0.455,0.565,23,0.382,0.546
P357603_obverse,obverse,10,10,0,0.4,0.263,19,0.025,0.546
P358558_obverse,obverse,14,14,0,0.357,0.325,77,0.044,0.546
P358558_reverse,reverse,14,14,0,0.429,0.242,62,0.032,0.546
P358566_obverse,obverse,17,17,0,0.294,0.384,99,0.04,0.546
P359076_reverse,reverse,22,22,0,0.364,0.3,100,0.026,0.546
P260347_reverse,reverse,10,10,0,0.5,0.167,48,0.024,0.547
P273589_obverse,obverse,58,58,0,0.31,0.37,100,0.039,0.547
P357596_reverse,reverse,14,14,0,0.286,0.4,10,0.045,0.547
P357949_obverse,obverse,6,6,0,0.333,0.333,9,0.026,0.547
P359216_obverse,obverse,7,7,0,0.429,0.25,12,0.037,0.547
P359317_reverse,reverse,13,13,0,0.154,,2,0.06,0.547
P260379_obverse,obverse,15,15,0,0.467,0.22,50,0.042,0.548
P358187_left,left,2,2,0,0.5,0.143,7,0.0,0.548
P361178_obverse,obverse,6,6,0,0.167,,3,0.07,0.548
P361701_left,left,2,2,0,0.5,0.143,14,0.0,0.548
P387679_reverse,reverse,21,21,0,0.476,0.21,81,0.042,0.548
P359374_obverse,obverse,6,6,0,0.167,0.5,6,0.019,0.549
P361106_reverse,reverse,10,10,0,0.4,0.323,31,0.074,0.549
P260349_reverse,reverse,8,,,0.375,0.52,25,0.245,0.55
P261864_obverse,obverse,7,7,0,0.286,0.4,5,0.035,0.55
P333915_obverse,obverse,19,19,0,0.368,0.326,46,0.045,0.55
P333923_obverse,obverse,14,14,0,0.286,0.433,67,0.067,0.55
P358217_obverse,obverse,20,20,0,0.2,0.5,16,0.049,0.55
P358517_obverse,obverse,13,13,0,0.385,0.303,76,0.037,0.55
P358719_left,left,5,5,0,0.4,0.263,19,0.014,0.55
P359098_reverse,reverse,14,14,0,0.143,,3,0.043,0.55
P359179_reverse,reverse,7,7,0,0.429,0.259,27,0.038,0.55
P388422_obverse,obverse,10,,,0.5,0.407,27,0.256,0.55
P357437_obverse,obverse,15,15,0,0.333,0.344,32,0.024,0.551
P357903_reverse,reverse,11,11,0,0.091,0.6,5,0.038,0.551
P358194_reverse,reverse,14,14,0,0.357,0.314,35,0.019,0.551
P358265_reverse,reverse,5,5,0,0.2,0.5,8,0.047,0.551
P359158_obverse,obverse,11,11,0,0.364,0.325,40,0.035,0.551
P359284_obverse,obverse,13,13,0,0.385,0.323,31,0.054,0.551
P359337_obverse,obverse,8,8,0,0.125,,3,0.023,0.551
P389620_reverse,reverse,6,,,,,0,0.449,0.551
P358246_obverse,obverse,10,10,0,0.4,0.293,41,0.036,0.552
P358280_obverse,obverse,31,31,0,0.226,0.462,26,0.032,0.552
P358933_obverse,obverse,7,,,0.286,0.636,22,0.267,0.552
P390573_reverse,reverse,10,10,0,0.5,0.212,52,0.055,0.552
P357693_reverse,reverse,17,17,0,0.294,0.409,22,0.044,0.553
P358458_reverse,reverse,5,,,,,1,0.447,0.553
P358466_reverse,reverse,10,10,0,0.3,0.414,29,0.055,0.553
P358506_obverse,obverse,17,17,0,0.176,0.514,37,0.032,0.553
P359133_obverse,obverse,12,12,0,0.333,0.359,39,0.034,0.553
P359974_obverse,obverse,16,16,0,0.25,0.438,16,0.028,0.553
P361172_obverse,obverse,7,7,0,0.429,0.25,12,0.018,0.553
P333919_reverse,reverse,8,,,,,0,0.446,0.554
P333941_reverse,reverse,8,8,0,0.5,0.2,15,0.037,0.554
P357337_left,left,4,4,0,0.5,0.2,10,0.038,0.554
P357509_obverse,obverse,10,10,0,0.4,0.346,26,0.083,0.554
P357582_obverse,obverse,15,15,0,0.4,0.322,87,0.059,0.554
P357911_obverse,obverse,8,8,0,0.5,0.2,20,0.037,0.554
P357937_obverse,obverse,6,,,,,0,0.446,0.554
P358495_obverse,obverse,16,16,0,0.312,0.384,99,0.033,0.554
P359145_obverse,obverse,12,12,0,0.417,0.265,49,0.021,0.554
P359152_obverse,obverse,8,8,0,0.375,0.324,37,0.037,0.554
P359356_obverse,obverse,8,8,0,0.125,,2,0.017,0.554
P389663_reverse,reverse,5,,,0.6,0.571,14,0.509,0.554
P357477_obverse,obverse,11,,,0.364,0.6,10,0.3,0.555
P357523_obverse,obverse,27,27,0,0.259,0.449,49,0.045,0.555
P357582_reverse,reverse,15,15,0,0.333,0.387,62,0.054,0.555
P357677_obverse,obverse,11,11,0,0.364,0.383,60,0.082,0.555
P357796_reverse,reverse,10,10,0,0.3,0.4,15,0.035,0.555
P358208_reverse,reverse,21,21,0,0.333,0.36,100,0.028,0.555
P359085_reverse,reverse,11,11,0,0.364,0.333,42,0.032,0.555
P359285_obverse,obverse,11,11,0,0.364,0.342,38,0.041,0.555
P359392_left,left,3,3,0,0.333,0.353,17,0.022,0.555
P389591_obverse,obverse,8,,,0.75,0.375,16,0.459,0.555
P389670_reverse,reverse,10,,,0.4,0.4,10,0.134,0.555
P260368_reverse,reverse,7,,,,,0,0.444,0.556
P261860_obverse,obverse,16,16,0,0.25,0.462,13,0.042,0.556
P333882_obverse,obverse,20,20,0,0.45,0.29,100,0.072,0.556
P333931_left,left,3,3,0,0.667,0.0,6,0.0,0.556
P357795_left,left,2,2,0,0.5,0.167,6,0.0,0.556
P358321_reverse,reverse,12,12,0,0.5,0.222,54,0.054,0.556
P358538_left,left,2,2,0,0.5,0.167,6,0.0,0.556
P359321_reverse,reverse,11,11,0,0.364,0.365,52,0.06,0.556
P361695_reverse,reverse,16,16,0,0.438,0.269,52,0.039,0.556
P260353_reverse,reverse,6,,,0.333,0.5,10,0.162,0.557
P260364_reverse,reverse,19,19,0,0.316,0.38,100,0.025,0.557
P260380_reverse,reverse,8,,,0.5,0.5,8,0.329,0.557
P357635_reverse,reverse,14,14,0,0.429,0.359,64,0.117,0.557
P358219_left,left,5,5,0,0.6,0.095,42,0.024,0.557
P359302_obverse,obverse,10,10,0,0.3,0.391,23,0.021,0.557
P361035_reverse,reverse,16,16,0,0.375,0.333,27,0.038,0.557
P361156_obverse,obverse,7,7,0,0.143,,2,0.029,0.557
P357588_left,left,3,3,0,0.333,0.385,13,0.043,0.558
P357634_reverse,reverse,18,18,0,0.333,0.368,87,0.028,0.558
P357839_reverse,reverse,13,13,0,0.385,0.357,42,0.068,0.558
P358210_reverse,reverse,14,14,0,0.286,0.431,51,0.043,0.558
P358323_obverse,obverse,9,9,0,0.333,0.385,13,0.045,0.558
P359304_obverse,obverse,12,12,0,0.333,0.371,35,0.031,0.558
P389581_obverse,obverse,6,,,0.667,0.5,24,0.493,0.558
P390567_reverse,reverse,9,9,0,0.333,0.367,30,0.027,0.558
P250555_obverse,obverse,8,,,0.5,0.289,45,0.113,0.559
P357343_obverse,obverse,9,9,0,0.333,0.4,15,0.056,0.559
P357581_reverse,reverse,16,16,0,0.375,0.379,87,0.076,0.559
P359046_obverse,obverse,14,14,0,0.357,0.346,26,0.026,0.559
P359282_obverse,obverse,15,15,0,0.333,0.39,77,0.045,0.559
P359936_obverse,obverse,22,22,0,0.182,0.529,17,0.034,0.559
P359954_left,left,4,4,0,0.25,0.444,18,0.018,0.559
P389635_obverse,obverse,7,,,0.571,0.176,17,0.071,0.559
P389667_obverse,obverse,5,,,0.4,0.533,15,0.257,0.559
P357417_reverse,reverse,12,12,0,0.333,0.408,49,0.06,0.56
P357638_left,left,5,5,0,0.4,0.306,36,0.025,0.56
P357675_reverse,reverse,6,6,0,0.5,0.208,24,0.028,0.56
P357938_obverse,obverse,9,,,0.667,0.32,25,0.305,0.56
P357972_obverse,obverse,9,9,0,0.222,0.5,6,0.042,0.56
P359062_obverse,obverse,20,20,0,0.4,0.314,35,0.035,0.56
P359261_obverse,obverse,7,7,0,0.143,,2,0.023,0.56
P359273_obverse,obverse,18,18,0,0.389,0.325,80,0.034,0.56
P359379_reverse,reverse,14,14,0,0.429,0.273,66,0.021,0.56
P361043_reverse,reverse,19,19,0,0.211,0.5,18,0.03,0.56
P361059_reverse,reverse,14,14,0,0.357,0.39,41,0.067,0.56
P389582_obverse,obverse,16,,,0.312,0.44,100,0.073,0.56
P389662_obverse,obverse,3,,,0.667,0.571,14,0.558,0.56
P357650_obverse,obverse,19,19,0,0.421,0.305,59,0.045,0.561
P357740_reverse,reverse,4,4,0,0.5,0.235,17,0.053,0.561
P358224_reverse,reverse,31,31,0,0.452,0.29,100,0.059,0.561
P359182_obverse,obverse,18,18,0,0.222,0.512,41,0.051,0.561
P359260_obverse,obverse,11,11,0,0.364,0.353,34,0.035,0.561
P359943_reverse,reverse,12,12,0,0.25,0.471,17,0.038,0.561
P361125_obverse,obverse,15,15,0,0.6,0.125,24,0.043,0.561
P361176_obverse,obverse,7,7,0,0.143,,3,0.021,0.561
P389543_obverse,obverse,12,,,0.25,0.533,15,0.099,0.561
P357607_reverse,reverse,13,13,0,0.308,0.4,40,0.022,0.562
P357726_obverse,obverse,10,10,0,0.4,0.351,37,0.067,0.562
P358190_reverse,reverse,12,12,0,0.417,0.333,15,0.063,0.562
P359104_obverse,obverse,15,15,0,0.133,0.6,5,0.048,0.562
P361170_reverse,reverse,7,,,0.429,0.636,11,0.379,0.562
P389556_obverse,obverse,10,,,0.6,0.27,37,0.183,0.562
P389668_obverse,obverse,7,,,0.714,0.36,25,0.387,0.562
P260359_reverse,reverse,5,,,0.2,0.556,9,0.067,0.563
P357442_reverse,reverse,17,17,0,0.176,,3,0.05,0.563
P357593_reverse,reverse,16,16,0,0.438,0.311,61,0.061,0.563
P358274_obverse,obverse,7,7,0,0.143,,4,0.017,0.563
P359149_reverse,reverse,7,7,0,0.286,0.444,36,0.042,0.563
P389675_obverse,obverse,8,,,0.5,0.292,24,0.102,0.563
P357355_obverse,obverse,28,28,0,0.321,0.41,100,0.039,0.564
P357613_obverse,obverse,12,12,0,0.25,0.514,37,0.071,0.564
P358188_obverse,obverse,13,13,0,0.462,0.333,42,0.104,0.564
P359102_reverse,reverse,12,12,0,0.583,0.155,58,0.047,0.564
P359106_obverse,obverse,10,10,0,0.3,0.417,36,0.023,0.564
P359129_reverse,reverse,15,15,0,0.333,0.377,61,0.017,0.564
P359345_reverse,reverse,7,7,0,0.714,0.0,14,0.022,0.564
P260367_obverse,obverse,19,19,0,0.211,0.517,29,0.032,0.565
P357613_reverse,reverse,13,13,0,0.385,0.35,40,0.038,0.565
P357679_obverse,obverse,17,17,0,0.353,0.392,79,0.051,0.565
P357768_reverse,reverse,12,12,0,0.5,0.244,78,0.049,0.565
P357798_obverse,obverse,10,10,0,0.4,0.375,16,0.081,0.565
P358229_reverse,reverse,9,,,,,0,0.435,0.565
P358278_obverse,obverse,8,8,0,0.25,0.526,19,0.082,0.565
P359969_obverse,obverse,10,10,0,0.4,0.324,34,0.03,0.565
P390558_reverse,reverse,14,14,0,0.429,0.333,66,0.066,0.565
P390566_obverse,obverse,17,17,0,0.353,0.421,19,0.078,0.565
P357668_reverse,reverse,12,12,0,0.417,0.333,48,0.051,0.566
P359174_obverse,obverse,12,12,0,0.417,0.303,66,0.021,0.566
P359324_reverse,reverse,11,11,0,0.273,0.467,15,0.042,0.566
P389552_reverse,reverse,11,,,0.273,0.625,16,0.199,0.566
P357382_left,left,2,2,0,0.5,0.2,5,0.0,0.567
P357383_obverse,obverse,20,20,0,0.45,0.31,100,0.058,0.567
P357584_left,left,3,3,0,0.333,0.385,13,0.018,0.567
P357636_left,left,2,2,0,0.5,0.2,5,0.0,0.567
P357645_left,left,2,2,0,0.5,0.2,5,0.0,0.567
P357748_obverse,obverse,11,11,0,0.273,0.467,15,0.039,0.567
P359967_obverse,obverse,10,10,0,0.3,0.45,40,0.05,0.567
P393103_reverse,reverse,8,8,0,0.5,0.222,9,0.021,0.567
P357524_obverse,obverse,10,10,0,0.4,0.379,29,0.077,0.568
P357552_reverse,reverse,5,5,0,0.6,0.115,26,0.012,0.568
P358225_reverse,reverse,11,11,0,0.273,0.5,16,0.07,0.568
P358412_obverse,obverse,11,11,0,0.364,0.356,59,0.017,0.568
P357897_obverse,obverse,12,12,0,0.417,0.318,44,0.027,0.569
P358233_obverse,obverse,25,25,0,0.56,0.217,23,0.07,0.569
P359344_obverse,obverse,10,10,0,0.5,0.231,13,0.025,0.569
P361150_reverse,reverse,7,7,0,0.429,0.3,10,0.022,0.569
P388417_reverse,reverse,6,,,,,1,0.431,0.569
P389626_reverse,reverse,6,,,0.5,0.538,13,0.332,0.569
P260380_obverse,obverse,7,,,0.429,,4,0.288,0.57
P357521_reverse,reverse,11,11,0,0.364,0.391,46,0.046,0.57
P357671_obverse,obverse,18,18,0,0.444,0.311,61,0.047,0.57
P357762_reverse,reverse,10,10,0,0.5,0.267,45,0.055,0.57
P358999_reverse,reverse,14,14,0,0.429,0.31,58,0.028,0.57
P359239_reverse,reverse,15,15,0,0.6,0.17,53,0.06,0.57
P332204_reverse,reverse,8,8,0,0.375,0.357,14,0.019,0.571
P357608_left,left,3,3,0,0.333,0.389,18,0.011,0.571
P358243_obverse,obverse,8,8,0,0.5,0.286,21,0.073,0.571
P358253_obverse,obverse,17,17,0,0.412,0.373,67,0.071,0.571
P359098_obverse,obverse,14,14,0,0.143,0.6,5,0.031,0.571
P359162_reverse,reverse,11,11,0,0.364,0.368,19,0.018,0.571
P359226_obverse,obverse,6,6,0,0.5,0.25,16,0.036,0.571
P361140_reverse,reverse,10,10,0,0.3,0.438,16,0.026,0.571
P250573_reverse,reverse,9,,,0.667,0.387,31,0.339,0.572
P333923_reverse,reverse,17,17,0,0.353,0.431,72,0.067,0.572
P357442_obverse,obverse,13,13,0,0.462,0.294,17,0.04,0.572
P357517_obverse,obverse,12,12,0,0.417,0.354,48,0.053,0.572
P357681_reverse,reverse,11,11,0,0.455,0.339,56,0.078,0.572
P357932_obverse,obverse,14,14,0,0.143,0.6,5,0.026,0.572
P357960_obverse,obverse,20,20,0,0.35,0.4,20,0.035,0.572
P358710_reverse,reverse,10,10,0,0.3,0.44,25,0.025,0.572
P361104_obverse,obverse,14,14,0,0.429,0.357,56,0.069,0.572
P389544_reverse,reverse,9,,,0.556,0.455,11,0.295,0.572
P250570_obverse,obverse,6,,,0.333,0.519,27,0.133,0.573
P333929_reverse,reverse,5,5,0,0.4,0.375,16,0.056,0.573
P357566_obverse,obverse,13,13,0,0.538,0.239,71,0.057,0.573
P358044_reverse,reverse,11,11,0,0.364,0.407,27,0.052,0.573
P359241_obverse,obverse,12,12,0,0.167,,2,0.021,0.573
P360849_obverse,obverse,9,9,0,0.556,0.2,35,0.036,0.573
P361091_reverse,reverse,13,13,0,0.385,0.4,50,0.066,0.573
P389642_obverse,obverse,5,,,0.6,0.182,11,0.061,0.573
P390565_reverse,reverse,10,10,0,0.5,0.333,21,0.115,0.573
P423549_obverse,obverse,10,,,0.5,0.458,24,0.238,0.573
P357492_left,left,3,3,0,0.333,0.417,12,0.028,0.574
P357573_obverse,obverse,14,14,0,0.5,0.3,70,0.077,0.574
P358199_obverse,obverse,11,11,0,0.455,0.333,24,0.067,0.574
P358326_obverse,obverse,13,,,0.615,0.214,28,0.108,0.574
P358514_left,left,3,3,0,0.333,0.4,10,0.011,0.574
P358550_obverse,obverse,13,13,0,0.385,0.359,78,0.023,0.574
P359117_reverse,reverse,11,11,0,0.455,0.298,47,0.031,0.574
P359394_obverse,obverse,6,6,0,0.167,,3,0.019,0.574
P361165_obverse,obverse,8,8,0,0.25,0.5,32,0.029,0.574
P389546_reverse,reverse,9,,,0.222,,4,0.075,0.574
P390571_left,left,2,2,0,0.5,0.222,9,0.0,0.574
P544386_obverse,obverse,13,,,0.462,0.44,75,0.181,0.574
P333928_obverse,obverse,12,12,0,0.417,0.365,63,0.058,0.575
P357522_reverse,reverse,13,13,0,0.308,0.462,52,0.045,0.575
P357958_reverse,reverse,8,8,0,0.75,0.0,15,0.024,0.575
P359947_right,right,6,6,0,0.167,,4,0.016,0.575
P361085_obverse,obverse,23,23,0,0.304,0.464,28,0.043,0.575
P389542_obverse,obverse,7,,,,,0,0.425,0.575
P389594_reverse,reverse,7,,,0.571,0.438,48,0.285,0.575
P250570_reverse,reverse,6,,,0.5,0.667,12,0.439,0.576
P357432_obverse,obverse,6,6,0,0.167,,3,0.014,0.576
P357507_reverse,reverse,14,14,0,0.429,0.324,74,0.024,0.576
P357548_reverse,reverse,8,8,0,0.375,0.4,20,0.046,0.576
P357742_reverse,reverse,8,8,0,0.5,0.28,25,0.053,0.576
P358189_reverse,reverse,13,13,0,0.308,0.471,51,0.052,0.576
P359390_reverse,reverse,3,,,0.667,,4,0.515,0.576
P359937_reverse,reverse,17,17,0,0.235,0.526,38,0.034,0.576
P361053_obverse,obverse,19,19,0,0.421,0.371,89,0.064,0.576
P361114_obverse,obverse,13,13,0,0.385,0.404,52,0.06,0.576
P361163_obverse,obverse,16,16,0,0.312,0.444,18,0.028,0.576
P361165_reverse,reverse,8,8,0,0.5,0.296,27,0.067,0.576
P361298_obverse,obverse,8,8,0,0.5,0.257,35,0.029,0.576
P357601_obverse,obverse,13,13,0,0.462,0.304,46,0.034,0.577
P357675_obverse,obverse,10,10,0,0.4,0.357,28,0.028,0.577
P357823_reverse,reverse,8,8,0,0.25,0.5,16,0.02,0.577
P358421_reverse,reverse,5,5,0,0.4,0.348,23,0.016,0.577
P361025_reverse,reverse,13,13,0,0.308,0.455,44,0.033,0.577
P389645_reverse,reverse,7,,,0.286,0.545,11,0.099,0.577
P423548_obverse,obverse,9,,,0.444,0.386,57,0.099,0.577
P250578_reverse,reverse,6,,,0.5,0.471,17,0.238,0.578
P357367_reverse,reverse,5,5,0,0.6,0.167,6,0.034,0.578
P357425_reverse,reverse,24,24,0,0.208,0.565,23,0.039,0.578
P357698_obverse,obverse,8,8,0,0.375,0.4,35,0.04,0.578
P358206_reverse,reverse,8,8,0,0.25,,4,0.094,0.578
P359184_reverse,reverse,11,11,0,0.364,0.4,30,0.03,0.578
P359199_obverse,obverse,10,10,0,0.4,0.364,11,0.029,0.578
P359215_obverse,obverse,7,7,0,0.286,0.48,25,0.032,0.578
P389579_reverse,reverse,4,,,0.5,0.3,30,0.066,0.578
P357443_obverse,obverse,9,9,0,0.444,0.333,24,0.041,0.579
P357512_left,left,4,4,0,0.25,0.5,22,0.014,0.579
P357577_left,left,4,4,0,0.5,0.25,8,0.014,0.579
P357696_obverse,obverse,26,26,0,0.423,0.36,100,0.047,0.579
P357812_reverse,reverse,7,,,0.571,0.25,16,0.083,0.579
P358631_obverse,obverse,12,12,0,0.333,0.425,40,0.02,0.579
P359040_reverse,reverse,9,9,0,0.333,0.438,16,0.033,0.579
P359222_reverse,reverse,6,6,0,0.667,0.1,20,0.029,0.579
P359966_obverse,obverse,16,16,0,0.25,0.538,26,0.053,0.579
P250552_reverse,reverse,7,,,0.571,0.444,27,0.275,0.58
P333881_obverse,obverse,15,15,0,0.4,0.38,79,0.04,0.58
P333931_reverse,reverse,14,14,0,0.357,0.452,73,0.07,0.58
P357438_reverse,reverse,11,11,0,0.455,0.31,29,0.026,0.58
P357680_obverse,obverse,14,14,0,0.429,0.37,54,0.06,0.58
P358204_obverse,obverse,13,13,0,0.538,0.254,63,0.054,0.58
P358712_reverse,reverse,25,25,0,0.36,0.41,100,0.031,0.58
P359310_reverse,reverse,5,5,0,0.4,0.364,11,0.025,0.58
P389604_reverse,reverse,10,,,0.6,0.227,44,0.087,0.58
P390561_reverse,reverse,7,7,0,0.571,0.222,27,0.053,0.58
P357355_reverse,reverse,25,25,0,0.56,0.23,100,0.046,0.581
P357772_reverse,reverse,12,12,0,0.417,0.413,63,0.085,0.581
P357947_obverse,obverse,8,8,0,0.625,0.167,18,0.048,0.581
P358233_reverse,reverse,28,28,0,0.464,0.36,86,0.082,0.581
P358277_obverse,obverse,8,8,0,0.5,0.267,15,0.023,0.581
P359054_reverse,reverse,27,27,0,0.37,0.42,100,0.048,0.581
P361025_obverse,obverse,11,11,0,0.364,0.422,45,0.042,0.581
P361671_reverse,reverse,11,,,0.636,0.393,56,0.286,0.581
P272898_reverse,reverse,13,13,0,0.538,0.306,62,0.1,0.582
P333933_obverse,obverse,11,11,0,0.364,0.4,25,0.017,0.582
P333944_reverse,reverse,16,16,0,0.438,0.388,49,0.081,0.582
P357361_left,left,4,4,0,0.25,0.526,19,0.03,0.582
P357525_reverse,reverse,8,,,,,0,0.418,0.582
P357647_reverse,reverse,14,14,0,0.357,0.429,63,0.039,0.582
P357798_reverse,reverse,12,12,0,0.333,0.476,21,0.063,0.582
P359207_reverse,reverse,11,11,0,0.545,0.237,38,0.037,0.582
P359270_reverse,reverse,10,10,0,0.4,0.375,24,0.029,0.582
P359280_obverse,obverse,11,11,0,0.364,0.421,19,0.04,0.582
P360979_obverse,obverse,13,13,0,0.538,0.247,77,0.039,0.582
P361128_reverse,reverse,19,19,0,0.526,0.31,100,0.091,0.582
P389642_reverse,reverse,5,,,,,1,0.418,0.582
P333933_left,left,2,2,0,0.5,0.25,8,0.0,0.583
P357501_left,left,2,2,0,0.5,0.25,16,0.0,0.583
P357915_obverse,obverse,13,13,0,0.462,0.333,48,0.046,0.583
P358194_obverse,obverse,12,12,0,0.5,0.278,54,0.027,0.583
P358288_reverse,reverse,5,,,,,0,0.417,0.583
P358623_obverse,obverse,14,14,0,0.357,0.436,55,0.044,0.583
P359147_reverse,reverse,8,8,0,0.5,0.297,37,0.049,0.583
P359159_obverse,obverse,11,11,0,0.364,0.414,58,0.029,0.583
P359213_reverse,reverse,10,10,0,0.4,0.4,35,0.051,0.583
P359231_obverse,obverse,3,3,0,0.333,0.417,12,0.0,0.583
P357401_obverse,obverse,10,10,0,0.3,0.476,21,0.025,0.584
P357516_obverse,obverse,13,13,0,0.385,0.412,68,0.043,0.584
P357784_reverse,reverse,11,11,0,0.273,0.5,10,0.021,0.584
P357841_reverse,reverse,10,10,0,0.5,0.323,31,0.07,0.584
P361132_obverse,obverse,15,15,0,0.4,0.377,61,0.025,0.584
P389616_obverse,obverse,10,,,0.4,0.684,38,0.331,0.584
P389622_obverse,obverse,11,,,0.545,0.294,17,0.086,0.584
P357412_obverse,obverse,11,11,0,0.545,0.268,41,0.058,0.585
P359123_obverse,obverse,11,11,0,0.455,0.333,45,0.032,0.585
P359255_reverse,reverse,7,7,0,0.429,0.333,12,0.007,0.585
P359283_obverse,obverse,15,15,0,0.4,0.387,75,0.031,0.585
P357513_obverse,obverse,34,34,0,0.235,0.553,76,0.031,0.586
P357596_obverse,obverse,13,13,0,0.462,0.35,20,0.053,0.586
P357701_obverse,obverse,7,7,0,0.571,0.25,8,0.065,0.586
P358857_reverse,reverse,13,13,0,0.462,0.328,67,0.033,0.586
P359034_obverse,obverse,13,13,0,0.385,0.4,20,0.028,0.586
P359238_left,left,5,5,0,0.2,0.559,34,0.0,0.586
P368434_reverse,reverse,7,,,0.429,0.417,12,0.089,0.586
P272902_obverse,obverse,16,16,0,0.375,0.46,50,0.075,0.587
P333944_left,left,4,4,0,0.5,0.273,11,0.011,0.587
P357731_obverse,obverse,21,21,0,0.381,0.402,92,0.022,0.587
P358291_reverse,reverse,5,5,0,0.2,,4,0.026,0.587
P359247_reverse,reverse,14,14,0,0.214,,2,0.04,0.587
P359285_reverse,reverse,13,13,0,0.462,0.333,45,0.034,0.587
P361671_obverse,obverse,30,30,0,0.2,0.613,31,0.051,0.587
P250556_reverse,reverse,12,,,0.333,0.672,64,0.241,0.588
P357337_reverse,reverse,11,11,0,0.364,0.429,35,0.027,0.588
P357513_left,left,5,5,0,0.4,0.364,22,0.0,0.588
P357734_obverse,obverse,9,9,0,0.444,0.419,31,0.101,0.588
P357756_obverse,obverse,11,11,0,0.364,0.487,39,0.085,0.588
P357802_reverse,reverse,10,10,0,0.3,0.5,46,0.037,0.588
P359046_reverse,reverse,13,13,0,0.154,0.65,20,0.041,0.588
P361178_reverse,reverse,5,5,0,0.2,,4,0.023,0.588
P389592_obverse,obverse,16,,,0.438,0.421,19,0.094,0.588
P389610_obverse,obverse,11,,,0.545,0.286,35,0.069,0.588
P389616_reverse,reverse,6,,,,,0,0.412,0.588
P260372_obverse,obverse,14,14,0,0.357,0.429,35,0.02,0.589
P333900_obverse,obverse,12,12,0,0.417,0.433,67,0.084,0.589
P333904_obverse,obverse,12,12,0,0.25,0.556,18,0.038,0.589
P357419_obverse,obverse,9,,,0.444,0.389,18,0.066,0.589
P357347_reverse,reverse,10,10,0,0.5,0.371,35,0.102,0.59
P357534_left,left,4,4,0,0.5,0.286,14,0.015,0.59
P357630_reverse,reverse,13,13,0,0.462,0.34,50,0.031,0.59
P357973_obverse,obverse,9,9,0,0.444,0.364,11,0.037,0.59
P358221_reverse,reverse,9,9,0,0.444,0.364,11,0.037,0.59
P358539_obverse,obverse,13,13,0,0.385,0.422,64,0.037,0.59
P358724_reverse,reverse,10,10,0,0.5,0.302,53,0.032,0.59
P359212_reverse,reverse,11,11,0,0.364,0.429,42,0.022,0.59
P359279_reverse,reverse,14,14,0,0.214,0.571,7,0.015,0.59
P361041_obverse,obverse,10,10,0,0.4,0.429,28,0.057,0.59
P361097_obverse,obverse,13,13,0,0.615,0.196,46,0.042,0.59
P361300_left,left,5,5,0,0.2,,3,0.02,0.59
P389609_reverse,reverse,6,,,,,0,0.41,0.59
P390572_reverse,reverse,10,10,0,0.5,0.324,34,0.053,0.59
P250572_obverse,obverse,2,,,0.5,0.273,22,0.0,0.591
P333935_obverse,obverse,11,11,0,0.545,0.277,83,0.049,0.591
P357427_obverse,obverse,7,7,0,0.429,0.375,8,0.03,0.591
P357570_obverse,obverse,13,13,0,0.462,0.39,59,0.079,0.591
P357759_reverse,reverse,5,5,0,0.2,,2,0.018,0.591
P357958_obverse,obverse,11,11,0,0.273,0.556,9,0.055,0.591
P357972_reverse,reverse,9,9,0,0.556,0.273,11,0.055,0.591
P358415_obverse,obverse,11,11,0,0.364,0.452,42,0.044,0.591
P358545_obverse,obverse,14,14,0,0.357,0.435,92,0.02,0.591
P358556_reverse,reverse,17,17,0,0.471,0.333,90,0.03,0.591
P358582_left,left,2,2,0,0.5,0.273,11,0.0,0.591
P358695_reverse,reverse,10,10,0,0.5,0.297,37,0.025,0.591
P359111_left,left,5,5,0,0.2,,3,0.018,0.591
P359298_left,left,5,5,0,0.2,,3,0.017,0.591
P389652_obverse,obverse,4,,,0.75,0.385,13,0.36,0.591
P389661_reverse,reverse,14,,,0.643,0.25,100,0.12,0.591
P390569_left,left,4,4,0,0.5,0.273,11,0.0,0.591
P357544_left,left,4,4,0,0.5,0.292,24,0.016,0.592
P357962_obverse,obverse,10,10,0,0.5,0.312,16,0.037,0.592
P358229_obverse,obverse,12,12,0,0.333,0.5,20,0.057,0.592
P359196_reverse,reverse,6,6,0,0.5,0.286,28,0.011,0.592
P361046_obverse,obverse,14,14,0,0.5,0.324,68,0.046,0.592
P361139_reverse,reverse,14,14,0,0.357,0.475,61,0.056,0.592
P361695_obverse,obverse,12,12,0,0.417,0.387,31,0.028,0.592
P357413_obverse,obverse,9,9,0,0.444,0.375,40,0.042,0.593
P357593_obverse,obverse,14,14,0,0.5,0.333,24,0.054,0.593
P358545_reverse,reverse,16,16,0,0.375,0.43,100,0.026,0.593
P358556_obverse,obverse,16,16,0,0.438,0.38,100,0.038,0.593
P358620_obverse,obverse,12,12,0,0.417,0.39,59,0.026,0.593
P359072_obverse,obverse,17,17,0,0.176,0.636,11,0.033,0.593
P359145_reverse,reverse,14,14,0,0.357,0.453,53,0.03,0.593
P359153_obverse,obverse,11,11,0,0.455,0.36,25,0.037,0.593
P359183_obverse,obverse,10,10,0,0.4,0.419,31,0.04,0.593
P359298_obverse,obverse,9,9,0,0.444,0.375,40,0.04,0.593
P359969_reverse,reverse,16,16,0,0.5,0.324,37,0.046,0.593
P361696_reverse,reverse,12,12,0,0.333,0.489,45,0.042,0.593
P389600_reverse,reverse,6,,,0.5,0.357,14,0.078,0.593
P260348_obverse,obverse,6,6,0,0.5,0.312,16,0.029,0.594
P357337_obverse,obverse,10,10,0,0.4,0.452,31,0.068,0.594
P357640_reverse,reverse,16,16,0,0.562,0.25,100,0.031,0.594
P358518_obverse,obverse,12,12,0,0.417,0.39,59,0.023,0.594
P358602_reverse,reverse,9,9,0,0.444,0.37,27,0.033,0.594
P389668_reverse,reverse,6,,,0.5,0.364,11,0.083,0.594
P357778_left,left,4,4,0,0.25,0.545,33,0.009,0.595
P357914_reverse,reverse,7,7,0,0.429,0.375,8,0.019,0.595
P358248_reverse,reverse,11,11,0,0.636,0.194,36,0.045,0.595
P359111_obverse,obverse,13,13,0,0.538,0.297,74,0.051,0.595
P260379_reverse,reverse,16,16,0,0.5,0.333,60,0.044,0.596
P333895_obverse,obverse,11,11,0,0.545,0.273,55,0.03,0.596
P333908_obverse,obverse,21,21,0,0.476,0.405,74,0.095,0.596
P333924_obverse,obverse,13,13,0,0.385,0.439,57,0.036,0.596
P358250_obverse,obverse,9,9,0,0.556,0.286,21,0.054,0.596
P359054_obverse,obverse,26,26,0,0.423,0.4,100,0.036,0.596
P359114_obverse,obverse,11,11,0,0.545,0.308,52,0.065,0.596
P389621_reverse,reverse,5,,,,,0,0.404,0.596
P389643_reverse,reverse,6,,,,,0,0.404,0.596
P357630_obverse,obverse,14,14,0,0.429,0.418,67,0.056,0.597
P357829_obverse,obverse,15,15,0,0.467,0.373,59,0.05,0.597
P359110_obverse,obverse,9,9,0,0.222,,4,0.028,0.597
P361085_reverse,reverse,7,,,0.857,0.238,21,0.303,0.597
P368476_obverse,obverse,11,,,0.636,0.203,64,0.049,0.597
P357819_left,left,3,3,0,0.333,0.464,28,0.005,0.598
P358323_reverse,reverse,8,8,0,0.25,0.6,5,0.056,0.598
P359252_obverse,obverse,10,10,0,0.4,0.419,43,0.025,0.598
P359947_obverse,obverse,9,9,0,0.222,,3,0.026,0.598
P333943_reverse,reverse,16,16,0,0.375,0.439,57,0.016,0.599
P357520_reverse,reverse,10,10,0,0.6,0.263,38,0.067,0.599
P357771_obverse,obverse,8,8,0,0.25,,2,0.051,0.599
P357933_obverse,obverse,9,9,0,0.556,0.306,36,0.064,0.599
P357962_reverse,reverse,6,,,,,1,0.401,0.599
P359070_obverse,obverse,22,22,0,0.455,0.39,100,0.048,0.599
P361104_reverse,reverse,13,13,0,0.462,0.4,50,0.064,0.599
P361171_obverse,obverse,17,17,0,0.529,0.308,65,0.041,0.599
P357400_reverse,reverse,9,9,0,0.444,0.412,34,0.057,0.6
P357620_obverse,obverse,15,15,0,0.467,0.42,50,0.085,0.6
P358415_reverse,reverse,11,11,0,0.455,0.371,62,0.025,0.6
P359281_reverse,reverse,16,16,0,0.312,0.526,19,0.04,0.6
P359937_obverse,obverse,11,11,0,0.364,0.476,42,0.04,0.6
P361135_obverse,obverse,15,15,0,0.533,0.3,70,0.034,0.6
P389638_obverse,obverse,8,,,0.5,0.471,17,0.17,0.6
P357742_obverse,obverse,11,11,0,0.364,0.5,32,0.06,0.601
P358191_obverse,obverse,12,12,0,0.417,0.439,57,0.053,0.601
P359166_reverse,reverse,8,8,0,0.5,0.35,20,0.046,0.601
P360985_reverse,reverse,17,17,0,0.235,0.63,27,0.061,0.601
P361131_left,left,3,3,0,0.333,0.5,6,0.03,0.601
P361174_obverse,obverse,5,5,0,0.6,0.222,9,0.019,0.601
P389586_reverse,reverse,7,,,0.286,,3,0.084,0.601
P389632_obverse,obverse,9,,,0.444,0.395,43,0.037,0.601
P390561_obverse,obverse,9,9,0,0.222,0.625,16,0.045,0.601
P390564_reverse,reverse,31,31,0,0.484,0.36,100,0.042,0.601
P423549_reverse,reverse,9,,,0.667,0.229,48,0.092,0.601
P357525_obverse,obverse,18,18,0,0.333,0.53,66,0.059,0.602
P357591_reverse,reverse,8,8,0,0.5,0.333,33,0.026,0.602
P357741_reverse,reverse,5,,,,,0,0.398,0.602
P358699_left,left,3,3,0,0.333,0.5,12,0.026,0.602
P359277_reverse,reverse,17,17,0,0.412,0.425,73,0.029,0.602
P359299_obverse,obverse,10,10,0,0.5,0.379,29,0.072,0.602
P272901_obverse,obverse,13,13,0,0.385,0.463,95,0.037,0.603
P357350_left,left,5,5,0,0.2,0.632,19,0.022,0.603
P357651_obverse,obverse,17,17,0,0.471,0.394,66,0.055,0.603
P359081_obverse,obverse,14,14,0,0.5,0.338,68,0.03,0.603
P359109_obverse,obverse,12,12,0,0.417,0.458,48,0.067,0.603
P359116_reverse,reverse,11,11,0,0.364,0.467,30,0.022,0.603
P359135_obverse,obverse,15,15,0,0.333,0.5,24,0.023,0.603
P333936_reverse,reverse,13,13,0,0.462,0.386,44,0.035,0.604
P357747_obverse,obverse,9,9,0,0.444,0.458,24,0.092,0.604
P357830_obverse,obverse,17,17,0,0.294,0.545,22,0.028,0.604
P358186_obverse,obverse,13,13,0,0.462,0.389,72,0.038,0.604
P358259_left,left,4,4,0,0.25,0.571,14,0.011,0.604
P358319_obverse,obverse,11,11,0,0.455,0.421,19,0.065,0.604
P359109_reverse,reverse,14,14,0,0.429,0.423,52,0.041,0.604
P359245_obverse,obverse,10,10,0,0.5,0.348,23,0.036,0.604
P359257_obverse,obverse,9,9,0,0.222,,4,0.015,0.604
P361154_reverse,reverse,10,10,0,0.5,0.333,54,0.022,0.604
P390563_obverse,obverse,10,10,0,0.6,0.278,18,0.066,0.604
P357519_obverse,obverse,10,10,0,0.3,0.588,17,0.073,0.605
P357726_reverse,reverse,6,6,0,0.5,0.367,30,0.052,0.605
P358587_obverse,obverse,10,10,0,0.4,0.446,56,0.031,0.605
P358595_obverse,obverse,17,17,0,0.588,0.31,100,0.084,0.605
P358601_obverse,obverse,15,15,0,0.467,0.408,76,0.061,0.605
P359315_obverse,obverse,12,12,0,0.333,0.519,54,0.036,0.605
P361563_reverse,reverse,12,12,0,0.333,0.525,40,0.045,0.605
P357358_reverse,reverse,16,16,0,0.5,0.387,62,0.069,0.606
P357510_reverse,reverse,8,8,0,0.5,0.36,25,0.041,0.606
P358718_obverse,obverse,13,13,0,0.462,0.385,39,0.028,0.606
P359313_obverse,obverse,12,12,0,0.417,0.452,73,0.05,0.606
P359352_reverse,reverse,9,9,0,0.556,0.312,16,0.049,0.606
P359938_reverse,reverse,16,16,0,0.375,0.488,41,0.045,0.606
P361633_reverse,reverse,9,9,0,0.444,0.4,5,0.025,0.606
P260358_obverse,obverse,9,9,0,0.444,0.421,19,0.046,0.607
P357430_reverse,reverse,19,19,0,0.421,0.46,100,0.061,0.607
P357518_obverse,obverse,12,12,0,0.583,0.326,43,0.088,0.607
P357665_obverse,obverse,25,25,0,0.48,0.42,100,0.078,0.607
P357772_obverse,obverse,11,11,0,0.455,0.426,61,0.06,0.607
P358244_reverse,reverse,13,13,0,0.462,0.405,37,0.045,0.607
P358470_obverse,obverse,13,13,0,0.231,0.625,16,0.035,0.607
P358724_obverse,obverse,18,18,0,0.389,0.455,44,0.024,0.607
P359067_obverse,obverse,17,17,0,0.412,0.439,82,0.03,0.607
P359077_obverse,obverse,15,15,0,0.4,0.457,70,0.035,0.607
P359297_obverse,obverse,17,17,0,0.471,0.4,100,0.05,0.607
P357496_reverse,reverse,9,9,0,0.556,0.314,35,0.045,0.608
P357667_reverse,reverse,13,13,0,0.462,0.422,64,0.06,0.608
P358252_obverse,obverse,7,7,0,0.429,0.429,35,0.033,0.608
P358267_obverse,obverse,4,4,0,0.25,,3,0.034,0.608
P359151_reverse,reverse,13,13,0,0.154,0.7,10,0.031,0.608
P359153_reverse,reverse,12,12,0,0.417,0.434,53,0.027,0.608
P361193_obverse,obverse,8,8,0,0.625,0.222,9,0.025,0.608
P260375_left,left,3,3,0,0.333,0.5,8,0.005,0.609
P261873_obverse,obverse,15,15,0,0.333,0.543,35,0.049,0.609
P332204_obverse,obverse,8,8,0,0.625,0.258,31,0.055,0.609
P357390_obverse,obverse,12,12,0,0.5,0.383,47,0.056,0.609
P358190_obverse,obverse,11,11,0,0.273,,4,0.056,0.609
P358511_left,left,3,3,0,0.333,0.5,10,0.008,0.609
P359075_reverse,reverse,18,18,0,0.5,0.354,79,0.029,0.609
P359188_obverse,obverse,8,8,0,0.5,0.371,35,0.044,0.609
P359972_obverse,obverse,19,19,0,0.368,0.49,51,0.032,0.609
P361105_obverse,obverse,14,14,0,0.571,0.345,84,0.09,0.609
P361119_reverse,reverse,19,19,0,0.526,0.39,100,0.09,0.609
P333905_obverse,obverse,16,16,0,0.375,0.5,30,0.045,0.61
P333943_obverse,obverse,14,14,0,0.714,0.167,54,0.052,0.61
P357366_left,left,5,5,0,0.4,0.455,11,0.025,0.61
P357368_reverse,reverse,7,7,0,0.571,0.281,32,0.024,0.61
P357611_reverse,reverse,9,9,0,0.444,0.45,20,0.065,0.61
P359245_reverse,reverse,11,11,0,0.455,0.414,29,0.039,0.61
P359318_obverse,obverse,17,17,0,0.412,0.457,70,0.04,0.61
P359394_reverse,reverse,4,4,0,0.25,,2,0.03,0.61
P361031_obverse,obverse,16,16,0,0.562,0.338,77,0.07,0.61
P260376_left,left,2,2,0,0.5,0.333,12,0.0,0.611
P333907_obverse,obverse,13,13,0,0.538,0.347,49,0.054,0.611
P357366_obverse,obverse,16,16,0,0.375,0.5,76,0.043,0.611
P357632_left,left,4,4,0,0.25,0.6,10,0.017,0.611
P357724_obverse,obverse,28,28,0,0.286,0.595,74,0.046,0.611
P357765_left,left,2,2,0,0.5,0.333,6,0.0,0.611
P357815_reverse,reverse,13,13,0,0.538,0.351,74,0.057,0.611
P357978_reverse,reverse,7,,,0.714,0.611,18,0.491,0.611
P359119_obverse,obverse,12,12,0,0.417,0.455,44,0.037,0.611
P359134_left,left,2,2,0,0.5,0.333,6,0.0,0.611
P359156_reverse,reverse,12,12,0,0.25,,4,0.028,0.611
P359163_obverse,obverse,10,10,0,0.5,0.353,34,0.019,0.611
P359189_obverse,obverse,11,11,0,0.364,0.486,35,0.016,0.611
P361053_reverse,reverse,19,19,0,0.474,0.4,100,0.041,0.611
P361145_obverse,obverse,9,9,0,0.222,0.625,8,0.014,0.611
P390559_obverse,obverse,11,11,0,0.273,,4,0.052,0.611
P250563_obverse,obverse,11,,,0.636,0.46,63,0.262,0.612
P290065_left,left,4,4,0,0.25,,3,0.026,0.612
P357400_left,left,4,4,0,0.25,,2,0.026,0.612
P357762_obverse,obverse,13,13,0,0.385,0.509,57,0.058,0.612
P358283_reverse,reverse,6,,,,,0,0.388,0.612
P358477_obverse,obverse,10,10,0,0.5,0.36,50,0.025,0.612
P359293_left,left,4,4,0,0.25,,4,0.026,0.612
P361106_obverse,obverse,10,10,0,0.7,0.185,27,0.049,0.612
P361308_obverse,obverse,15,15,0,0.533,0.362,80,0.06,0.612
P361613_reverse,reverse,15,15,0,0.467,0.429,56,0.058,0.612
P389644_obverse,obverse,10,,,0.5,0.5,22,0.165,0.612
P260384_obverse,obverse,8,8,0,0.25,,4,0.025,0.613
P357370_obverse,obverse,13,13,0,0.308,0.571,14,0.04,0.613
P357383_left,left,4,4,0,0.25,,3,0.024,0.613
P359150_reverse,reverse,19,19,0,0.263,0.621,29,0.045,0.613
P359321_obverse,obverse,13,13,0,0.538,0.348,69,0.047,0.613
P359330_reverse,reverse,10,10,0,0.4,0.478,23,0.038,0.613
P359966_reverse,reverse,14,14,0,0.286,0.593,27,0.039,0.613
P361131_reverse,reverse,26,26,0,0.538,0.338,74,0.037,0.613
P361301_left,left,5,5,0,0.8,0.067,15,0.028,0.613
P390566_reverse,reverse,17,17,0,0.412,0.5,48,0.074,0.613
P333888_reverse,reverse,17,17,0,0.471,0.41,100,0.038,0.614
P357500_left,left,4,4,0,0.25,,4,0.022,0.614
P361120_obverse,obverse,20,20,0,0.55,0.36,100,0.067,0.614
P361120_reverse,reverse,21,21,0,0.571,0.36,100,0.09,0.614
P389608_obverse,obverse,5,,,0.6,0.486,37,0.244,0.614
P389627_obverse,obverse,7,,,0.571,0.333,39,0.064,0.614
P390453_left,left,5,5,0,0.6,0.267,15,0.026,0.614
P261858_reverse,reverse,12,12,0,0.417,0.5,8,0.07,0.615
P357368_obverse,obverse,9,9,0,0.556,0.375,24,0.085,0.615
P357443_reverse,reverse,9,9,0,0.444,0.464,28,0.062,0.615
P357510_obverse,obverse,9,9,0,0.333,0.545,22,0.034,0.615
P357506_reverse,reverse,13,13,0,0.462,0.429,14,0.046,0.615
P357641_obverse,obverse,12,12,0,0.417,0.5,28,0.073,0.615
P358324_reverse,reverse,15,,,0.133,0.833,6,0.123,0.615
P358534_obverse,obverse,15,15,0,0.467,0.409,66,0.031,0.615
P359080_left,left,4,4,0,0.25,,3,0.02,0.615
P359124_reverse,reverse,12,12,0,0.417,0.459,61,0.029,0.615
P359140_obverse,obverse,11,11,0,0.364,0.5,46,0.019,0.615
P359266_reverse,reverse,9,9,0,0.444,0.429,7,0.029,0.615
P260369_reverse,reverse,8,,,,,0,0.384,0.616
P357354_left,left,5,5,0,0.2,0.676,34,0.027,0.616
P357628_obverse,obverse,20,20,0,0.4,0.5,72,0.053,0.616
P357758_reverse,reverse,15,15,0,0.333,0.565,23,0.051,0.616
P358488_reverse,reverse,12,12,0,0.5,0.375,64,0.027,0.616
P368425_reverse,reverse,15,15,0,0.4,0.508,59,0.06,0.616
P357437_reverse,reverse,6,,,0.667,0.263,19,0.078,0.617
P357684_reverse,reverse,13,13,0,0.462,0.44,25,0.05,0.617
P359250_obverse,obverse,12,12,0,0.333,0.556,18,0.038,0.617
P357723_obverse,obverse,13,13,0,0.615,0.324,37,0.086,0.618
P361052_obverse,obverse,8,8,0,0.5,0.409,22,0.054,0.618
P361170_obverse,obverse,9,9,0,0.333,0.55,20,0.029,0.618
P544386_reverse,reverse,9,,,0.556,0.342,73,0.045,0.618
P357511_reverse,reverse,17,17,0,0.588,0.31,100,0.04,0.619
P357621_obverse,obverse,6,6,0,0.5,0.379,29,0.022,0.619
P357700_left,left,4,4,0,0.25,,3,0.013,0.619
P357719_obverse,obverse,7,7,0,0.286,,3,0.048,0.619
P357732_reverse,reverse,14,14,0,0.429,0.491,55,0.063,0.619
P357750_reverse,reverse,10,10,0,0.4,0.471,17,0.015,0.619
P357831_obverse,obverse,12,12,0,0.5,0.426,47,0.069,0.619
P359164_reverse,reverse,11,11,0,0.455,0.417,36,0.015,0.619
P359177_obverse,obverse,11,11,0,0.455,0.44,50,0.038,0.619
P359200_reverse,reverse,10,10,0,0.4,0.5,36,0.044,0.619
P390570_reverse,reverse,12,12,0,0.5,0.429,42,0.073,0.619
P333895_reverse,reverse,12,12,0,0.5,0.411,56,0.051,0.62
P357497_left,left,5,5,0,0.4,0.483,29,0.021,0.62
P358247_reverse,reverse,9,9,0,0.444,0.462,26,0.045,0.62
P358322_obverse,obverse,12,12,0,0.417,0.475,40,0.031,0.62
P359069_reverse,reverse,16,16,0,0.562,0.37,92,0.071,0.62
P359251_obverse,obverse,11,11,0,0.455,0.431,51,0.026,0.62
P359263_obverse,obverse,9,9,0,0.667,0.238,21,0.044,0.62
P359269_obverse,obverse,10,10,0,0.4,0.5,12,0.041,0.62
P359939_right,right,4,4,0,0.25,,3,0.009,0.62
P360980_obverse,obverse,17,17,0,0.588,0.324,34,0.052,0.62
P360999_left,left,4,4,0,0.5,0.375,16,0.014,0.62
P361048_obverse,obverse,24,24,0,0.625,0.29,100,0.055,0.62
P361127_obverse,obverse,18,18,0,0.5,0.438,73,0.079,0.62
P361565_reverse,reverse,15,15,0,0.6,0.329,70,0.067,0.62
P357606_left,left,6,6,0,0.5,0.375,24,0.011,0.621
P357629_reverse,reverse,21,21,0,0.476,0.44,100,0.053,0.621
P357663_reverse,reverse,11,11,0,0.273,0.667,6,0.077,0.621
P357684_obverse,obverse,12,12,0,0.333,0.567,30,0.036,0.621
P357941_reverse,reverse,6,,,0.333,1.0,5,0.471,0.621
P357965_reverse,reverse,5,5,0,0.6,0.286,7,0.023,0.621
P358263_obverse,obverse,8,8,0,0.5,0.444,18,0.082,0.621
P358525_obverse,obverse,9,9,0,0.222,0.667,12,0.027,0.621
P358613_reverse,reverse,13,13,0,0.462,0.426,61,0.025,0.621
P358627_left,left,3,3,0,0.667,0.207,29,0.011,0.621
P359070_reverse,reverse,23,23,0,0.565,0.32,100,0.023,0.621
P359215_reverse,reverse,4,,,,,0,0.379,0.621
P359270_obverse,obverse,9,9,0,0.444,0.444,27,0.027,0.621
P359290_left,left,5,5,0,0.4,0.476,21,0.013,0.621
P360977_reverse,reverse,12,12,0,0.5,0.375,56,0.013,0.621
P333922_obverse,obverse,14,14,0,0.5,0.466,73,0.1,0.622
P357616_left,left,3,3,0,0.333,0.545,11,0.013,0.622
P357666_obverse,obverse,14,14,0,0.429,0.511,47,0.074,0.622
P358280_reverse,reverse,12,,,0.5,0.455,44,0.089,0.622
P358506_reverse,reverse,12,12,0,0.5,0.4,20,0.034,0.622
P358572_obverse,obverse,12,12,0,0.417,0.488,41,0.039,0.622
P359058_obverse,obverse,24,24,0,0.458,0.45,100,0.042,0.622
P359317_obverse,obverse,10,,,0.7,0.531,49,0.363,0.622
P359334_obverse,obverse,6,6,0,0.5,0.4,20,0.035,0.622
P359342_reverse,reverse,12,12,0,0.417,0.472,36,0.023,0.622
P361142_reverse,reverse,12,12,0,0.417,0.48,50,0.03,0.622
P389653_reverse,reverse,6,,,,,0,0.378,0.622
P261874_reverse,reverse,14,14,0,0.286,0.6,10,0.018,0.623
P357349_reverse,reverse,16,16,0,0.625,0.316,79,0.073,0.623
P357378_reverse,reverse,15,15,0,0.533,0.387,75,0.05,0.623
P357516_left,left,3,3,0,0.333,0.556,9,0.02,0.623
P357581_obverse,obverse,16,16,0,0.562,0.398,93,0.091,0.623
P357659_reverse,reverse,17,17,0,0.471,0.448,67,0.048,0.623
P358456_reverse,reverse,8,8,0,0.25,0.65,40,0.032,0.623
P358467_obverse,obverse,15,15,0,0.467,0.421,95,0.02,0.623
P358509_obverse,obverse,13,13,0,0.538,0.364,77,0.033,0.623
P358592_reverse,reverse,8,8,0,0.5,0.415,41,0.045,0.623
P250565_obverse,obverse,8,,,0.75,0.322,59,0.199,0.624
P357365_reverse,reverse,20,20,0,0.55,0.4,100,0.077,0.624
P357515_obverse,obverse,10,10,0,0.6,0.333,18,0.063,0.624
P358222_left,left,5,5,0,0.4,0.5,8,0.029,0.624
P358437_obverse,obverse,13,13,0,0.615,0.288,59,0.031,0.624
P358721_obverse,obverse,16,16,0,0.375,0.52,50,0.022,0.624
P359202_obverse,obverse,10,10,0,0.6,0.326,46,0.053,0.624
P361119_obverse,obverse,17,17,0,0.647,0.31,100,0.086,0.624
P361133_reverse,reverse,18,18,0,0.389,0.531,64,0.048,0.624
P389675_reverse,reverse,8,,,,,0,0.376,0.624
P431278_reverse,reverse,7,,,0.286,0.833,6,0.246,0.624
P357531_obverse,obverse,17,17,0,0.412,0.493,69,0.031,0.625
P357528_obverse,obverse,17,17,0,0.471,0.45,40,0.045,0.625
P357538_left,left,3,3,0,0.333,0.559,34,0.016,0.625
P357731_reverse,reverse,21,21,0,0.429,0.5,26,0.055,0.625
P358260_obverse,obverse,17,17,0,0.529,0.38,100,0.036,0.625
P358613_obverse,obverse,12,12,0,0.417,0.484,62,0.027,0.625
P359094_reverse,reverse,12,12,0,0.5,0.407,27,0.032,0.625
P359123_left,left,2,2,0,0.5,0.375,8,0.0,0.625
P359141_reverse,reverse,11,11,0,0.455,0.449,49,0.028,0.625
P359162_left,left,2,2,0,0.5,0.375,8,0.0,0.625
P359343_reverse,reverse,7,7,0,0.286,,2,0.036,0.625
P361127_left,left,2,2,0,0.5,0.375,16,0.0,0.625
P389637_reverse,reverse,10,,,0.5,0.462,13,0.086,0.625
P389672_reverse,reverse,6,,,0.667,0.667,15,0.459,0.625
P250569_reverse,reverse,3,,,1.0,0.423,26,0.544,0.626
P357563_obverse,obverse,13,13,0,0.308,0.611,18,0.04,0.626
P358210_obverse,obverse,5,5,0,0.4,0.5,6,0.023,0.626
P358326_reverse,reverse,12,,,0.417,0.733,15,0.271,0.626
P358329_reverse,reverse,7,7,0,0.429,0.478,23,0.028,0.626
P358701_obverse,obverse,13,13,0,0.462,0.437,71,0.021,0.626
P359155_obverse,obverse,13,13,0,0.462,0.429,49,0.012,0.626
P361189_reverse,reverse,8,,,,,0,0.374,0.626
P389661_obverse,obverse,3,,,,,1,0.374,0.626
P333899_reverse,reverse,16,16,0,0.438,0.494,77,0.051,0.627
P333907_reverse,reverse,13,13,0,0.462,0.478,46,0.058,0.627
P358437_reverse,reverse,6,6,0,0.167,0.744,39,0.028,0.627
P358550_reverse,reverse,14,14,0,0.5,0.4,55,0.018,0.627
P361564_reverse,reverse,13,13,0,0.385,0.519,27,0.023,0.627
P261869_obverse,obverse,15,15,0,0.333,0.6,10,0.049,0.628
P357694_obverse,obverse,10,10,0,0.4,0.543,35,0.058,0.628
P357959_reverse,reverse,6,6,0,0.333,0.571,7,0.021,0.628
P358682_reverse,reverse,15,15,0,0.467,0.435,85,0.018,0.628
P359034_reverse,reverse,14,14,0,0.571,0.357,42,0.044,0.628
P359089_reverse,reverse,10,10,0,0.4,0.5,26,0.017,0.628
P359118_obverse,obverse,9,9,0,0.333,0.583,12,0.034,0.628
P359970_obverse,obverse,15,15,0,0.467,0.474,38,0.056,0.628
P361632_reverse,reverse,11,11,0,0.455,0.5,12,0.069,0.628
P390542_obverse,obverse,12,12,0,0.5,0.423,26,0.039,0.628
P357534_reverse,reverse,17,17,0,0.471,0.468,77,0.052,0.629
P357602_left,left,6,6,0,0.5,0.411,56,0.024,0.629
P357671_reverse,reverse,6,6,0,0.5,0.4,5,0.012,0.629
P357760_obverse,obverse,7,7,0,0.286,,3,0.028,0.629
P358566_reverse,reverse,16,16,0,0.562,0.349,63,0.024,0.629
P358623_reverse,reverse,15,15,0,0.4,0.51,51,0.024,0.629
P359085_obverse,obverse,11,11,0,0.364,0.571,35,0.047,0.629
P359255_obverse,obverse,14,14,0,0.5,0.405,37,0.019,0.629
P389627_reverse,reverse,7,,,0.714,0.414,29,0.24,0.629
P250557_obverse,obverse,10,,,0.4,0.721,61,0.232,0.63
P333926_obverse,obverse,14,14,0,0.643,0.283,92,0.036,0.63
P357347_obverse,obverse,11,11,0,0.364,0.611,36,0.085,0.63
P358626_obverse,obverse,13,13,0,0.462,0.456,90,0.029,0.63
P361125_reverse,reverse,12,12,0,0.5,0.453,53,0.063,0.63
P361137_reverse,reverse,12,12,0,0.5,0.433,30,0.044,0.63
P361672_reverse,reverse,15,15,0,0.333,0.588,17,0.033,0.63
P389592_reverse,reverse,14,,,,,0,0.37,0.63
P357641_left,left,4,4,0,0.25,0.667,6,0.024,0.631
P358256_reverse,reverse,19,19,0,0.211,0.727,22,0.044,0.631
P358271_reverse,reverse,7,7,0,0.429,0.5,12,0.035,0.631
P358264_reverse,reverse,6,,,,,0,0.369,0.631
P359141_obverse,obverse,10,10,0,0.5,0.444,36,0.053,0.631
P359208_obverse,obverse,10,10,0,0.7,0.235,51,0.041,0.631
P359938_obverse,obverse,17,17,0,0.471,0.475,40,0.053,0.631
P390573_obverse,obverse,18,18,0,0.556,0.41,100,0.074,0.631
P333922_reverse,reverse,16,16,0,0.438,0.538,78,0.08,0.632
P357417_obverse,obverse,13,13,0,0.462,0.452,31,0.018,0.632
P357535_obverse,obverse,19,19,0,0.474,0.485,33,0.061,0.632
P357618_reverse,reverse,12,,,0.333,0.769,13,0.206,0.632
P358466_obverse,obverse,10,10,0,0.5,0.423,26,0.027,0.632
P358519_obverse,obverse,11,11,0,0.545,0.372,43,0.022,0.632
P359063_reverse,reverse,11,11,0,0.273,0.647,34,0.024,0.632
P357665_reverse,reverse,2,2,0,0.5,0.4,5,0.0,0.633
P357764_obverse,obverse,12,12,0,0.5,0.452,31,0.053,0.633
P358196_obverse,obverse,15,15,0,0.4,0.529,17,0.031,0.633
P358682_obverse,obverse,17,17,0,0.412,0.511,94,0.025,0.633
P358712_obverse,obverse,22,22,0,0.409,0.51,100,0.022,0.633
P358832_obverse,obverse,12,12,0,0.333,0.6,15,0.033,0.633
P359130_left,left,3,3,0,0.333,0.6,5,0.035,0.633
P359200_left,left,3,3,0,0.667,0.25,12,0.017,0.633
P359206_left,left,2,2,0,0.5,0.4,5,0.0,0.633
P359307_left,left,2,2,0,0.5,0.4,10,0.0,0.633
P359329_reverse,reverse,13,13,0,0.462,0.481,54,0.045,0.633
P361117_obverse,obverse,52,52,0,0.269,0.67,100,0.04,0.633
P361146_obverse,obverse,11,11,0,0.455,0.5,22,0.055,0.633
P361693_left,left,2,2,0,0.5,0.4,10,0.0,0.633
P390559_reverse,reverse,13,13,0,0.308,,4,0.042,0.633
P393097_obverse,obverse,7,7,0,0.429,0.5,6,0.029,0.633
P357537_left,left,3,3,0,0.333,0.571,7,0.003,0.634
P359160_reverse,reverse,9,9,0,0.556,0.424,33,0.079,0.634
P359196_obverse,obverse,10,10,0,0.5,0.432,37,0.031,0.634
P359365_obverse,obverse,10,10,0,0.4,0.52,25,0.019,0.634
P260375_obverse,obverse,17,17,0,0.412,0.533,60,0.04,0.635
P357500_obverse,obverse,10,10,0,0.6,0.343,67,0.037,0.635
P357656_left,left,4,4,0,0.5,0.424,33,0.018,0.635
P357794_reverse,reverse,14,14,0,0.214,0.727,11,0.038,0.635
P358262_obverse,obverse,7,7,0,0.571,0.368,19,0.036,0.635
P358419_obverse,obverse,14,14,0,0.5,0.425,73,0.019,0.635
P359230_reverse,reverse,4,,,0.5,0.778,9,0.374,0.635
P359258_obverse,obverse,21,21,0,0.333,0.6,25,0.029,0.635
P359942_reverse,reverse,19,19,0,0.316,0.632,38,0.041,0.635
P333933_reverse,reverse,13,13,0,0.308,0.621,29,0.02,0.636
P357572_left,left,4,4,0,0.5,0.429,7,0.021,0.636
P357590_reverse,reverse,20,20,0,0.45,0.48,100,0.023,0.636
P357620_reverse,reverse,12,12,0,0.667,0.299,67,0.059,0.636
P357768_obverse,obverse,18,18,0,0.611,0.39,100,0.092,0.636
P358488_obverse,obverse,12,12,0,0.5,0.426,68,0.017,0.636
P358969_reverse,reverse,7,,,0.571,0.562,32,0.226,0.636
P359150_obverse,obverse,10,10,0,0.6,0.378,37,0.071,0.636
P359164_left,left,4,4,0,0.25,0.667,6,0.007,0.636
P359308_reverse,reverse,8,8,0,0.75,0.2,25,0.043,0.636
P361141_reverse,reverse,16,16,0,0.438,0.513,76,0.042,0.636
P361154_obverse,obverse,12,12,0,0.417,0.519,54,0.028,0.636
P361675_obverse,obverse,26,26,0,0.308,0.632,19,0.032,0.636
P389655_obverse,obverse,6,,,0.667,0.316,19,0.075,0.636
P357504_left,left,2,2,0,0.5,0.412,34,0.0,0.637
P357589_reverse,reverse,16,16,0,0.5,0.456,68,0.046,0.637
P357602_obverse,obverse,18,18,0,0.444,0.51,100,0.042,0.637
P359199_reverse,reverse,8,8,0,0.375,0.571,7,0.036,0.637
P359283_left,left,4,4,0,0.5,0.429,14,0.018,0.637
P361044_obverse,obverse,16,16,0,0.562,0.429,63,0.079,0.637
P361152_reverse,reverse,7,7,0,0.429,0.5,6,0.017,0.637
P361611_reverse,reverse,17,17,0,0.529,0.453,86,0.073,0.637
P250558_reverse,reverse,8,,,0.625,0.8,20,0.51,0.638
P250558_obverse,obverse,6,,,0.5,0.673,49,0.258,0.638
P272899_obverse,obverse,10,10,0,0.6,0.379,29,0.065,0.638
P357378_obverse,obverse,16,16,0,0.438,0.5,64,0.025,0.638
P357589_left,left,4,4,0,0.75,0.222,9,0.058,0.638
P357598_reverse,reverse,21,21,0,0.524,0.443,88,0.054,0.638
P357639_left,left,6,6,0,0.5,0.426,61,0.012,0.638
P357705_reverse,reverse,7,,,0.429,0.556,18,0.07,0.638
P359130_obverse,obverse,12,12,0,0.583,0.385,52,0.054,0.638
P361052_reverse,reverse,11,11,0,0.273,0.688,16,0.046,0.638
P389634_obverse,obverse,9,,,0.778,0.49,51,0.353,0.638
P332982_reverse,reverse,20,20,0,0.4,0.56,100,0.044,0.639
P333887_obverse,obverse,21,21,0,0.524,0.46,100,0.065,0.639
P357342_obverse,obverse,10,10,0,0.5,0.462,39,0.046,0.639
P357377_reverse,reverse,12,12,0,0.417,0.538,26,0.039,0.639
P357590_left,left,5,5,0,0.6,0.333,21,0.016,0.639
P357669_left,left,2,2,0,0.5,0.417,12,0.0,0.639
P357695_reverse,reverse,19,19,0,0.421,0.536,28,0.039,0.639
P358278_reverse,reverse,7,7,0,0.571,0.409,22,0.065,0.639
P358432_reverse,reverse,14,14,0,0.571,0.393,61,0.049,0.639
P359170_obverse,obverse,10,10,0,0.4,0.556,18,0.04,0.639
P361615_obverse,obverse,16,16,0,0.5,0.449,98,0.033,0.639
P357365_obverse,obverse,17,17,0,0.588,0.42,100,0.089,0.64
P357505_obverse,obverse,19,19,0,0.474,0.53,100,0.085,0.64
P357520_obverse,obverse,11,11,0,0.545,0.444,36,0.069,0.64
P359291_reverse,reverse,13,13,0,0.615,0.357,56,0.052,0.64
P361086_left,left,3,3,0,0.0,1.0,5,0.08,0.64
P361128_obverse,obverse,16,16,0,0.562,0.384,73,0.026,0.64
P361673_obverse,obverse,7,7,0,0.286,0.643,14,0.007,0.64
P250579_reverse,reverse,9,,,0.667,0.429,49,0.171,0.641
P260347_obverse,obverse,13,13,0,0.462,0.5,38,0.039,0.641
P293710_obverse,obverse,19,19,0,0.316,0.643,56,0.036,0.641
P333928_reverse,reverse,9,9,0,0.667,0.267,60,0.009,0.641
P357422_left,left,6,6,0,0.333,0.615,13,0.025,0.641
P357507_obverse,obverse,14,14,0,0.643,0.377,69,0.097,0.641
P357697_reverse,reverse,12,12,0,0.667,0.315,89,0.058,0.641
P359127_obverse,obverse,15,15,0,0.467,0.5,44,0.043,0.641
P359155_reverse,reverse,7,7,0,0.571,0.375,16,0.022,0.641
P359191_obverse,obverse,18,18,0,0.278,0.667,24,0.021,0.641
P360980_reverse,reverse,18,18,0,0.389,0.556,45,0.023,0.641
P361057_obverse,obverse,4,4,0,0.75,0.2,10,0.027,0.641
P361153_reverse,reverse,11,11,0,0.364,0.571,14,0.013,0.641
P357500_reverse,reverse,11,11,0,0.455,0.548,31,0.077,0.642
P357546_obverse,obverse,12,12,0,0.75,0.231,65,0.055,0.642
P357771_reverse,reverse,3,,,,,0,0.358,0.642
P357780_reverse,reverse,12,12,0,0.25,0.727,11,0.05,0.642
P357894_obverse,obverse,17,17,0,0.353,0.61,59,0.036,0.642
P358258_obverse,obverse,23,23,0,0.565,0.4,100,0.04,0.642
P358264_obverse,obverse,21,21,0,0.571,0.39,100,0.036,0.642
P359096_reverse,reverse,10,10,0,0.2,0.75,8,0.024,0.642
P359129_obverse,obverse,16,16,0,0.438,0.507,73,0.019,0.642
P359235_reverse,reverse,16,16,0,0.5,0.447,38,0.02,0.642
P359950_obverse,obverse,14,14,0,0.357,0.625,32,0.055,0.642
P388417_obverse,obverse,11,,,,,0,0.358,0.642
P389664_reverse,reverse,6,,,0.5,0.533,15,0.109,0.642
P260398_obverse,obverse,16,16,0,0.25,0.706,17,0.026,0.643
P333896_left,left,2,2,0,0.5,0.429,7,0.0,0.643
P357410_obverse,obverse,26,26,0,0.269,0.7,30,0.039,0.643
P357519_reverse,reverse,6,6,0,0.5,0.444,9,0.016,0.643
P357644_obverse,obverse,20,20,0,0.45,0.51,100,0.031,0.643
P357702_left,left,3,3,0,0.333,,4,0.047,0.643
P358194_left,left,2,2,0,0.5,0.429,7,0.0,0.643
P358797_reverse,reverse,4,,,,,0,0.357,0.643
P359159_left,left,2,2,0,0.5,0.429,7,0.0,0.643
P361126_obverse,obverse,14,14,0,0.5,0.455,55,0.026,0.643
P361155_reverse,reverse,8,8,0,0.75,0.217,23,0.039,0.643
P431268_reverse,reverse,8,,,0.375,0.676,34,0.123,0.643
P357338_reverse,reverse,20,20,0,0.4,0.557,61,0.025,0.644
P359314_reverse,reverse,16,16,0,0.562,0.4,80,0.031,0.644
P360985_left,left,6,6,0,0.333,,4,0.046,0.644
P360985_obverse,obverse,14,14,0,0.286,0.684,19,0.039,0.644
P361048_reverse,reverse,28,28,0,0.5,0.46,100,0.027,0.644
P406213_obverse,obverse,7,,,0.571,0.571,21,0.211,0.644
P417417_reverse,reverse,4,,,0.5,0.545,11,0.114,0.644
P260364_obverse,obverse,19,19,0,0.526,0.451,51,0.044,0.645
P357340_obverse,obverse,9,9,0,0.444,0.533,30,0.044,0.645
P357381_obverse,obverse,10,10,0,0.6,0.395,43,0.062,0.645
P357411_obverse,obverse,12,12,0,0.333,0.621,29,0.02,0.645
P357585_reverse,reverse,13,13,0,0.538,0.433,60,0.037,0.645
P358206_obverse,obverse,10,10,0,0.6,0.395,38,0.06,0.645
P358291_obverse,obverse,8,8,0,0.375,0.6,5,0.039,0.645
P359083_obverse,obverse,15,15,0,0.4,0.564,39,0.029,0.645
P359091_reverse,reverse,12,12,0,0.417,0.55,20,0.03,0.645
P359125_reverse,reverse,18,18,0,0.5,0.485,66,0.051,0.645
P359192_obverse,obverse,9,9,0,0.444,0.542,48,0.052,0.645
P361150_obverse,obverse,12,12,0,0.5,0.484,31,0.05,0.645
P357570_reverse,reverse,12,12,0,0.583,0.4,55,0.044,0.646
P357600_obverse,obverse,13,13,0,0.462,0.518,56,0.042,0.646
P357637_obverse,obverse,14,14,0,0.5,0.5,50,0.061,0.646
P358694_obverse,obverse,10,10,0,0.4,0.556,36,0.016,0.646
P359136_reverse,reverse,10,10,0,0.4,0.571,21,0.032,0.646
P359179_obverse,obverse,11,11,0,0.545,0.429,42,0.035,0.646
P359229_reverse,reverse,6,6,0,0.5,0.455,11,0.016,0.646
P359248_obverse,obverse,9,9,0,0.556,0.439,41,0.056,0.646
P361114_left,left,2,2,0,0.5,0.438,16,0.0,0.646
P390549_reverse,reverse,13,13,0,0.692,0.328,61,0.083,0.646
P357607_obverse,obverse,12,12,0,0.583,0.455,44,0.098,0.647
P357621_reverse,reverse,12,12,0,0.5,0.485,33,0.045,0.647
P358241_reverse,reverse,9,9,0,0.444,0.548,31,0.052,0.647
P358287_reverse,reverse,3,3,0,0.333,,2,0.04,0.647
P358292_obverse,obverse,9,9,0,0.333,,2,0.039,0.647
P358703_obverse,obverse,11,11,0,0.545,0.413,75,0.017,0.647
P359060_obverse,obverse,22,22,0,0.545,0.43,100,0.035,0.647
P357681_obverse,obverse,10,10,0,0.7,0.291,55,0.047,0.648
P357733_obverse,obverse,13,13,0,0.615,0.4,55,0.07,0.648
P358547_obverse,obverse,12,12,0,0.583,0.388,80,0.026,0.648
P359064_obverse,obverse,18,18,0,0.5,0.471,68,0.027,0.648
P359095_obverse,obverse,14,14,0,0.643,0.367,60,0.066,0.648
P359128_left,left,3,3,0,0.333,,4,0.038,0.648
P359976_reverse,reverse,20,20,0,0.3,0.667,27,0.024,0.648
P361090_obverse,obverse,16,16,0,0.5,0.494,89,0.05,0.648
P361189_obverse,obverse,6,6,0,0.667,0.333,15,0.055,0.648
P357496_obverse,obverse,16,16,0,0.562,0.464,84,0.079,0.649
P357914_obverse,obverse,9,9,0,0.667,0.3,10,0.02,0.649
P358509_reverse,reverse,12,12,0,0.5,0.467,60,0.019,0.649
P358570_obverse,obverse,15,15,0,0.467,0.5,82,0.02,0.649
P359265_reverse,reverse,9,9,0,0.444,0.529,17,0.027,0.649
P359339_obverse,obverse,13,13,0,0.385,0.583,12,0.022,0.649
P361003_obverse,obverse,20,20,0,0.65,0.39,82,0.094,0.649
P332982_obverse,obverse,19,19,0,0.474,0.5,6,0.024,0.65
P333900_reverse,reverse,13,13,0,0.462,0.558,77,0.069,0.65
P357431_reverse,reverse,14,14,0,0.571,0.412,68,0.034,0.65
P357835_obverse,obverse,18,18,0,0.5,0.506,81,0.055,0.65
P358189_obverse,obverse,13,13,0,0.538,0.485,66,0.072,0.65
P358273_obverse,obverse,6,6,0,0.667,0.32,25,0.037,0.65
P358456_obverse,obverse,9,9,0,0.556,0.435,46,0.041,0.65
P359315_reverse,reverse,16,16,0,0.438,0.536,69,0.025,0.65
P250580_obverse,obverse,7,,,0.714,0.54,63,0.302,0.651
P333931_obverse,obverse,13,13,0,0.769,0.219,64,0.034,0.651
P357342_reverse,reverse,10,10,0,0.4,0.586,29,0.033,0.651
P357578_reverse,reverse,5,5,0,0.4,0.571,7,0.019,0.651
P357600_reverse,reverse,14,14,0,0.571,0.452,73,0.069,0.651
P357612_reverse,reverse,18,18,0,0.5,0.5,100,0.047,0.651
P358555_obverse,obverse,13,13,0,0.538,0.455,66,0.04,0.651
P359143_left,left,5,5,0,0.6,0.385,13,0.033,0.651
P359206_obverse,obverse,10,10,0,0.6,0.379,29,0.027,0.651
P361163_reverse,reverse,22,22,0,0.227,0.769,13,0.045,0.651
P389563_obverse,obverse,9,,,0.556,0.5,16,0.102,0.651
P333886_left,left,2,2,0,0.5,0.455,11,0.0,0.652
P357439_obverse,obverse,10,10,0,0.5,0.48,50,0.024,0.652
P357695_obverse,obverse,20,20,0,0.6,0.441,93,0.086,0.652
P357732_obverse,obverse,14,14,0,0.429,0.548,31,0.02,0.652
P358187_reverse,reverse,12,12,0,0.583,0.471,51,0.097,0.652
P358259_obverse,obverse,21,21,0,0.571,0.43,100,0.047,0.652
P358258_reverse,reverse,23,23,0,0.565,0.42,100,0.03,0.652
P358424_left,left,3,3,0,0.333,0.64,25,0.017,0.652
P359282_reverse,reverse,16,16,0,0.5,0.5,76,0.045,0.652
P357344_reverse,reverse,13,13,0,0.538,0.471,51,0.05,0.653
P357495_obverse,obverse,13,13,0,0.692,0.348,69,0.081,0.653
P357511_left,left,4,4,0,0.5,0.458,24,0.0,0.653
P358246_reverse,reverse,9,9,0,0.444,0.533,15,0.02,0.653
P359063_obverse,obverse,20,20,0,0.7,0.31,100,0.051,0.653
P359110_reverse,reverse,3,3,0,0.333,,2,0.028,0.653
P359256_left,left,3,3,0,0.333,0.636,11,0.011,0.653
P361056_reverse,reverse,9,9,0,0.444,0.568,37,0.053,0.653
P361088_obverse,obverse,14,14,0,0.429,0.548,31,0.019,0.653
P272902_reverse,reverse,18,18,0,0.444,0.564,55,0.047,0.654
P333881_reverse,reverse,7,7,0,0.571,0.455,33,0.064,0.654
P357424_obverse,obverse,6,6,0,0.333,0.647,17,0.017,0.654
P358250_reverse,reverse,9,9,0,0.444,0.579,19,0.06,0.654
P360982_reverse,reverse,8,8,0,0.5,0.5,16,0.037,0.654
P361120_left,left,3,3,0,0.333,0.643,14,0.014,0.654
P250557_reverse,reverse,10,,,0.7,0.549,51,0.285,0.655
P357346_left,left,3,3,0,0.333,,4,0.023,0.655
P357522_obverse,obverse,13,13,0,0.538,0.467,30,0.04,0.655
P357530_obverse,obverse,16,16,0,0.688,0.352,71,0.074,0.655
P357774_reverse,reverse,13,13,0,0.462,0.56,25,0.057,0.655
P358330_reverse,reverse,9,,,0.556,0.484,31,0.075,0.655
P358450_reverse,reverse,10,10,0,0.5,0.484,31,0.018,0.655
P358454_obverse,obverse,18,18,0,0.444,0.55,100,0.028,0.655
P359233_obverse,obverse,5,5,0,0.4,0.571,14,0.006,0.655
P359235_obverse,obverse,18,18,0,0.444,0.55,40,0.03,0.655
P359254_obverse,obverse,17,17,0,0.471,0.52,75,0.026,0.655
P359396_left,left,4,4,0,0.5,0.474,19,0.008,0.655
P361045_reverse,reverse,19,19,0,0.421,0.582,67,0.04,0.655
P389609_obverse,obverse,6,,,0.667,0.357,28,0.06,0.655
P389671_obverse,obverse,4,,,1.0,0.226,31,0.26,0.655
P333934_obverse,obverse,16,16,0,0.625,0.38,100,0.036,0.656
P358275_reverse,reverse,7,7,0,0.714,0.286,7,0.032,0.656
P358454_reverse,reverse,18,18,0,0.556,0.46,100,0.047,0.656
P359259_left,left,3,3,0,0.333,,2,0.022,0.656
P260385_obverse,obverse,6,6,0,0.333,,4,0.019,0.657
P357934_obverse,obverse,11,11,0,0.636,0.364,11,0.03,0.657
P358211_reverse,reverse,16,16,0,0.5,0.5,12,0.029,0.657
P358260_reverse,reverse,20,20,0,0.55,0.482,83,0.061,0.657
P358548_reverse,reverse,10,10,0,0.6,0.396,53,0.024,0.657
P359119_left,left,3,3,0,0.333,0.667,6,0.028,0.657
P359309_left,left,3,3,0,0.333,,3,0.02,0.657
P361087_reverse,reverse,16,16,0,0.625,0.444,81,0.098,0.657
P361160_reverse,reverse,10,10,0,0.5,0.5,10,0.03,0.657
P361612_obverse,obverse,15,15,0,0.533,0.464,69,0.025,0.657
P361691_reverse,reverse,11,11,0,0.545,0.485,33,0.06,0.657
P357423_left,left,2,2,0,0.5,0.474,19,0.0,0.658
P357438_obverse,obverse,11,11,0,0.545,0.478,23,0.05,0.658
P357499_left,left,4,4,0,0.25,0.75,8,0.027,0.658
P357494_reverse,reverse,11,11,0,0.636,0.375,48,0.039,0.658
P357662_obverse,obverse,9,9,0,0.556,0.488,41,0.069,0.658
P357737_reverse,reverse,9,9,0,0.444,0.577,26,0.048,0.658
P357841_obverse,obverse,10,10,0,0.7,0.36,25,0.087,0.658
P357955_reverse,reverse,4,4,0,0.5,0.5,6,0.025,0.658
P359180_obverse,obverse,13,13,0,0.538,0.474,76,0.037,0.658
P359326_obverse,obverse,10,10,0,0.5,0.5,18,0.025,0.658
P361173_reverse,reverse,3,3,0,0.333,,4,0.016,0.658
P357395_left,left,3,3,0,0.333,,2,0.016,0.659
P357407_obverse,obverse,14,14,0,0.643,0.389,54,0.054,0.659
P357493_left,left,4,4,0,0.5,0.478,23,0.0,0.659
P357577_reverse,reverse,14,14,0,0.643,0.413,46,0.08,0.659
P357731_left,left,5,5,0,0.6,0.414,29,0.037,0.659
P358474_obverse,obverse,9,9,0,0.444,0.556,36,0.023,0.659
P361149_reverse,reverse,10,10,0,0.6,0.409,22,0.033,0.659
P361168_reverse,reverse,12,12,0,0.417,0.571,7,0.011,0.659
P389669_obverse,obverse,9,,,0.444,0.857,7,0.325,0.659
P357946_obverse,obverse,9,9,0,0.667,0.368,19,0.055,0.66
P358519_reverse,reverse,9,9,0,0.556,0.447,47,0.023,0.66
P359212_obverse,obverse,9,9,0,0.667,0.37,46,0.056,0.66
P359334_reverse,reverse,9,9,0,0.333,,3,0.013,0.66
P359355_obverse,obverse,6,6,0,0.333,,2,0.013,0.66
P261858_obverse,obverse,11,11,0,0.364,,2,0.041,0.661
P272901_left,left,5,5,0,1.0,0.0,6,0.016,0.661
P357533_left,left,3,3,0,0.333,,4,0.011,0.661
P357654_left,left,4,4,0,0.5,0.5,6,0.017,0.661
P358188_reverse,reverse,13,13,0,0.692,0.352,54,0.062,0.661
P359056_left,left,5,5,0,0.6,0.395,38,0.011,0.661
P359101_reverse,reverse,10,10,0,0.7,0.375,48,0.093,0.661
P359245_left,left,3,3,0,0.333,,3,0.011,0.661
P359259_obverse,obverse,18,18,0,0.167,0.833,6,0.017,0.661
P359354_reverse,reverse,6,6,0,0.667,0.333,6,0.018,0.661
P389629_reverse,reverse,6,,,0.5,0.714,7,0.23,0.661
P272900_left,left,3,3,0,0.333,,4,0.01,0.662
P333889_obverse,obverse,18,18,0,0.722,0.31,100,0.047,0.662
P357356_obverse,obverse,19,19,0,0.579,0.44,100,0.033,0.662
P357360_obverse,obverse,15,15,0,0.533,0.492,61,0.038,0.662
P357586_obverse,obverse,12,12,0,0.5,0.541,37,0.053,0.662
P357747_left,left,3,3,0,0.333,0.667,12,0.015,0.662
P357745_obverse,obverse,11,11,0,0.727,0.333,33,0.073,0.662
P358200_left,left,3,3,0,0.333,,4,0.01,0.662
P358327_obverse,obverse,11,11,0,0.636,0.378,45,0.027,0.662
P358592_obverse,obverse,17,17,0,0.588,0.447,94,0.05,0.662
P358604_obverse,obverse,15,15,0,0.467,0.535,71,0.017,0.662
P359082_left,left,4,4,0,0.5,0.5,16,0.015,0.662
P359146_left,left,3,3,0,0.333,,3,0.009,0.662
P359314_obverse,obverse,13,13,0,0.538,0.478,23,0.031,0.662
P359949_left,left,3,3,0,0.333,,2,0.01,0.662
P361046_reverse,reverse,11,11,0,0.636,0.385,39,0.035,0.662
P361696_left,left,3,3,0,0.333,,3,0.01,0.662
P368425_left,left,3,3,0,0.333,,4,0.01,0.662
P393100_obverse,obverse,12,12,0,0.583,0.442,52,0.04,0.662
P250562_obverse,obverse,13,,,0.462,0.735,83,0.209,0.663
P357492_obverse,obverse,13,13,0,0.538,0.5,34,0.049,0.663
P357634_obverse,obverse,18,18,0,0.556,0.5,100,0.065,0.663
P357651_reverse,reverse,17,17,0,0.529,0.49,100,0.032,0.663
P357956_reverse,reverse,3,3,0,0.333,,4,0.007,0.663
P359209_left,left,3,3,0,0.333,,2,0.007,0.663
P359955_reverse,reverse,3,3,0,0.333,,2,0.008,0.663
P360849_reverse,reverse,3,3,0,0.333,,4,0.006,0.663
P389637_obverse,obverse,12,,,0.583,0.5,16,0.094,0.663
P333888_obverse,obverse,17,17,0,0.529,0.52,100,0.058,0.664
P333903_obverse,obverse,11,11,0,0.636,0.407,59,0.05,0.664
P357576_reverse,reverse,14,14,0,0.643,0.413,63,0.064,0.664
P357802_obverse,obverse,10,10,0,0.5,0.567,30,0.074,0.664
P358721_reverse,reverse,16,16,0,0.5,0.519,52,0.028,0.664
P359164_obverse,obverse,10,10,0,0.7,0.324,37,0.031,0.664
P359237_left,left,4,4,0,0.5,0.5,8,0.007,0.664
P359379_obverse,obverse,14,14,0,0.571,0.462,80,0.041,0.664
P361114_reverse,reverse,26,26,0,0.308,0.723,47,0.039,0.664
P357737_obverse,obverse,8,8,0,0.625,0.4,35,0.031,0.665
P357746_reverse,reverse,5,5,0,0.6,0.438,16,0.043,0.665
P357944_reverse,reverse,11,11,0,0.545,0.469,32,0.019,0.665
P359108_obverse,obverse,10,10,0,0.7,0.349,43,0.055,0.665
P359351_obverse,obverse,11,11,0,0.364,0.667,12,0.036,0.665
P250560_reverse,reverse,9,,,0.667,0.5,36,0.17,0.666
P273277_obverse,obverse,9,,,0.889,0.359,39,0.251,0.666
P357530_reverse,reverse,17,17,0,0.529,0.522,23,0.054,0.666
P357595_reverse,reverse,16,16,0,0.562,0.477,65,0.041,0.666
P357659_obverse,obverse,15,15,0,0.6,0.464,56,0.065,0.666
P357995_obverse,obverse,10,10,0,0.4,0.636,11,0.037,0.666
P358216_reverse,reverse,11,11,0,0.636,0.434,53,0.072,0.666
P361694_obverse,obverse,12,12,0,0.5,0.528,36,0.028,0.666
P361674_obverse,obverse,8,8,0,0.75,0.286,21,0.036,0.666
P333925_obverse,obverse,2,2,0,0.5,0.5,66,0.0,0.667
P333943_left,left,3,3,0,0.667,0.333,9,0.0,0.667
P357417_left,left,3,3,0,0.667,0.333,12,0.0,0.667
P357523_left,left,3,3,0,0.333,,3,0.0,0.667
P357585_left,left,2,2,0,0.5,0.5,8,0.0,0.667
P357697_left,left,3,3,0,0.333,,2,0.0,0.667
P357959_left,left,3,3,0,0.333,,4,0.0,0.667
P358266_reverse,reverse,11,11,0,0.545,0.528,36,0.073,0.667
P358409_left,left,2,2,0,0.5,0.5,14,0.0,0.667
P358555_left,left,2,2,0,0.5,0.5,12,0.0,0.667
P358999_left,left,3,3,0,0.333,,3,0.0,0.667
P359056_obverse,obverse,19,19,0,0.632,0.4,100,0.03,0.667
P359104_left,left,3,3,0,0.333,,3,0.0,0.667
P359112_left,left,2,2,0,0.5,0.5,8,0.0,0.667
P359271_reverse,reverse,11,11,0,0.455,0.568,37,0.021,0.667
P359319_obverse,obverse,15,15,0,0.533,0.491,53,0.022,0.667
P359328_obverse,obverse,16,16,0,0.562,0.495,93,0.055,0.667
P360977_left,left,2,2,0,0.5,0.5,8,0.0,0.667
P361298_reverse,reverse,10,10,0,0.4,0.636,22,0.034,0.667
P361694_left,left,3,3,0,0.333,,3,0.0,0.667
P250561_reverse,reverse,3,,,,,0,0.332,0.668
P357598_obverse,obverse,21,21,0,0.524,0.53,100,0.05,0.668
P357792_obverse,obverse,13,13,0,0.385,0.667,15,0.047,0.668
P358230_reverse,reverse,6,6,0,0.833,0.2,15,0.03,0.668
P359082_obverse,obverse,16,16,0,0.562,0.467,90,0.024,0.668
P390571_reverse,reverse,16,16,0,0.5,0.58,50,0.076,0.668
P260375_reverse,reverse,15,15,0,0.733,0.318,66,0.045,0.669
P333918_reverse,reverse,19,19,0,0.526,0.55,100,0.069,0.669
P357956_obverse,obverse,8,8,0,0.375,,4,0.037,0.669
P358213_reverse,reverse,10,10,0,0.6,0.433,30,0.027,0.669
P358282_obverse,obverse,5,5,0,0.4,,3,0.062,0.669
P358485_reverse,reverse,11,11,0,0.636,0.39,59,0.019,0.669
P359325_obverse,obverse,13,13,0,0.538,0.489,45,0.021,0.669
P361300_reverse,reverse,18,18,0,0.611,0.476,84,0.079,0.669
P361613_left,left,5,5,0,0.6,0.429,7,0.023,0.669
P389568_reverse,reverse,5,,,0.6,0.6,5,0.194,0.669
P357415_left,left,4,4,0,0.5,0.524,21,0.015,0.67
P357493_obverse,obverse,19,19,0,0.579,0.488,80,0.056,0.67
P357499_reverse,reverse,15,15,0,0.533,0.524,82,0.047,0.67
P357591_obverse,obverse,12,12,0,0.583,0.472,53,0.046,0.67
P361032_obverse,obverse,9,9,0,0.333,0.7,20,0.024,0.67
P361122_obverse,obverse,13,13,0,0.615,0.444,54,0.051,0.67
P408035_obverse,obverse,8,,,,,0,0.33,0.67
P260357_reverse,reverse,13,13,0,0.615,0.447,38,0.049,0.671
P333887_reverse,reverse,22,22,0,0.636,0.44,100,0.063,0.671
P357381_reverse,reverse,13,13,0,0.462,0.585,53,0.033,0.671
P357395_obverse,obverse,12,12,0,0.5,0.548,42,0.035,0.671
P389667_reverse,reverse,6,,,0.667,0.417,24,0.071,0.671
P260360_obverse,obverse,7,7,0,0.714,0.346,26,0.044,0.672
P333896_reverse,reverse,14,14,0,0.429,0.63,27,0.044,0.672
P357599_obverse,obverse,12,12,0,0.417,0.647,17,0.046,0.672
P357839_obverse,obverse,13,13,0,0.692,0.414,70,0.089,0.672
P358209_reverse,reverse,16,16,0,0.438,0.6,40,0.023,0.672
P358537_obverse,obverse,14,14,0,0.571,0.46,100,0.015,0.672
P358540_obverse,obverse,16,16,0,0.562,0.49,100,0.036,0.672
P359135_reverse,reverse,9,9,0,0.667,0.378,45,0.029,0.672
P333906_reverse,reverse,14,14,0,0.571,0.527,74,0.08,0.673
P357650_reverse,reverse,18,18,0,0.611,0.473,74,0.065,0.673
P358200_reverse,reverse,8,8,0,0.5,0.6,5,0.081,0.673
P361118_reverse,reverse,16,16,0,0.625,0.463,82,0.069,0.673
P361610_obverse,obverse,13,13,0,0.692,0.378,90,0.05,0.673
P389589_reverse,reverse,11,,,0.636,0.492,63,0.11,0.673
P417417_obverse,obverse,4,,,1.0,0.304,23,0.287,0.673
P357516_reverse,reverse,14,14,0,0.714,0.354,82,0.045,0.674
P357647_obverse,obverse,13,13,0,0.538,0.538,65,0.054,0.674
P361139_obverse,obverse,13,13,0,0.538,0.533,60,0.051,0.674
P390454_left,left,4,4,0,0.5,0.545,11,0.023,0.674
P357815_obverse,obverse,12,12,0,0.667,0.413,46,0.055,0.675
P360977_obverse,obverse,14,14,0,0.571,0.483,58,0.029,0.675
P361166_obverse,obverse,5,5,0,0.4,,3,0.049,0.675
P357418_obverse,obverse,11,11,0,0.636,0.429,28,0.037,0.676
P357461_reverse,reverse,8,,,0.25,1.0,5,0.223,0.676
P357644_reverse,reverse,20,20,0,0.5,0.56,100,0.032,0.676
P357656_reverse,reverse,21,21,0,0.571,0.5,100,0.042,0.676
P357902_reverse,reverse,10,10,0,0.8,0.273,55,0.045,0.676
P358232_obverse,obverse,13,13,0,0.615,0.455,22,0.042,0.676
P358548_obverse,obverse,13,13,0,0.615,0.436,78,0.024,0.676
P389646_obverse,obverse,6,,,0.667,0.682,22,0.32,0.676
P273589_reverse,reverse,53,53,0,0.547,0.52,100,0.037,0.677
P357479_obverse,obverse,4,,,0.5,0.75,12,0.219,0.677
P357514_obverse,obverse,11,11,0,0.727,0.343,35,0.041,0.677
P357822_obverse,obverse,11,11,0,0.455,0.625,16,0.048,0.677
P358703_reverse,reverse,14,14,0,0.5,0.562,64,0.031,0.677
P359065_reverse,reverse,17,17,0,0.588,0.475,40,0.032,0.677
P359300_obverse,obverse,13,13,0,0.538,0.533,15,0.041,0.677
P360975_reverse,reverse,17,17,0,0.529,0.556,36,0.053,0.677
P361696_obverse,obverse,10,10,0,0.3,0.762,21,0.031,0.677
P261864_reverse,reverse,12,12,0,0.417,0.636,11,0.019,0.678
P333893_obverse,obverse,16,16,0,0.562,0.53,100,0.058,0.678
P333936_obverse,obverse,12,12,0,0.667,0.392,51,0.026,0.678
P357645_reverse,reverse,18,18,0,0.556,0.54,100,0.061,0.678
P357689_obverse,obverse,3,3,0,0.333,0.7,10,0.0,0.678
P359353_reverse,reverse,12,12,0,0.5,0.571,28,0.036,0.678
P250563_reverse,reverse,12,,,0.75,0.529,34,0.243,0.679
P250578_obverse,obverse,7,,,0.857,0.542,24,0.363,0.679
P260371_reverse,reverse,13,13,0,0.615,0.444,9,0.023,0.679
P358594_obverse,obverse,20,20,0,0.55,0.54,100,0.054,0.679
P358620_left,left,4,4,0,0.5,0.538,13,0.0,0.679
P359127_reverse,reverse,10,10,0,0.6,0.485,33,0.049,0.679
P359154_reverse,reverse,12,12,0,0.5,0.565,23,0.028,0.679
P361086_reverse,reverse,10,10,0,0.6,0.5,36,0.064,0.679
P333942_obverse,obverse,9,9,0,0.556,0.519,27,0.035,0.68
P357499_obverse,obverse,12,12,0,0.583,0.519,54,0.063,0.68
P357583_obverse,obverse,13,13,0,0.462,0.615,52,0.037,0.68
P357616_obverse,obverse,17,17,0,0.529,0.549,82,0.039,0.68
P358222_reverse,reverse,20,20,0,0.55,0.537,82,0.047,0.68
P359292_obverse,obverse,16,16,0,0.562,0.5,64,0.024,0.68
P359968_reverse,reverse,13,13,0,0.308,0.762,21,0.03,0.68
P389628_obverse,obverse,11,,,0.636,0.471,51,0.066,0.68
P393101_obverse,obverse,12,12,0,0.5,0.583,12,0.043,0.68
P357414_obverse,obverse,26,26,0,0.577,0.522,90,0.057,0.681
P357517_reverse,reverse,12,12,0,0.583,0.521,73,0.061,0.681
P357588_reverse,reverse,15,15,0,0.6,0.529,68,0.085,0.681
P359109_left,left,5,5,0,0.6,0.462,26,0.018,0.681
P359176_obverse,obverse,10,10,0,0.6,0.481,27,0.038,0.681
P361086_obverse,obverse,10,10,0,0.5,0.571,28,0.029,0.681
P361115_obverse,obverse,14,14,0,0.643,0.449,69,0.05,0.681
P361173_obverse,obverse,5,5,0,0.4,,3,0.039,0.681
P393096_reverse,reverse,3,3,0,0.333,0.714,7,0.004,0.681
P333890_obverse,obverse,7,7,0,0.571,0.529,17,0.054,0.682
P333941_obverse,obverse,8,8,0,0.625,0.462,26,0.039,0.682
P357365_left,left,3,3,0,0.667,0.4,5,0.02,0.682
P357390_reverse,reverse,13,13,0,0.615,0.462,39,0.03,0.682
P357696_left,left,4,4,0,0.5,0.545,11,0.0,0.682
P358191_left,left,2,2,0,0.5,0.545,11,0.0,0.682
P359284_left,left,3,3,0,0.667,0.4,5,0.021,0.682
P359354_obverse,obverse,7,7,0,0.571,0.5,16,0.026,0.682
P361105_reverse,reverse,13,13,0,0.692,0.444,99,0.092,0.682
P393103_obverse,obverse,7,7,0,0.571,0.5,10,0.026,0.682
P250554_obverse,obverse,11,,,0.727,0.611,54,0.29,0.683
P250576_reverse,reverse,7,,,0.714,0.541,37,0.205,0.683
P357461_obverse,obverse,6,,,0.5,0.6,5,0.051,0.683
P357651_left,left,6,6,0,0.5,0.571,21,0.022,0.683
P358192_obverse,obverse,12,12,0,0.417,0.667,33,0.036,0.683
P358534_reverse,reverse,17,17,0,0.529,0.556,72,0.036,0.683
P358668_reverse,reverse,16,16,0,0.5,0.576,59,0.028,0.683
P359122_obverse,obverse,12,12,0,0.583,0.511,47,0.045,0.683
P359272_obverse,obverse,20,20,0,0.55,0.533,75,0.035,0.683
P359287_obverse,obverse,14,14,0,0.643,0.468,77,0.063,0.683
P250567_reverse,reverse,10,,,0.7,0.549,51,0.196,0.684
P357507_left,left,3,3,0,0.333,0.75,8,0.032,0.684
P357533_obverse,obverse,13,13,0,0.538,0.556,18,0.041,0.684
P357659_left,left,4,4,0,0.5,0.583,24,0.031,0.684
P358195_obverse,obverse,15,15,0,0.667,0.449,69,0.064,0.684
P358208_left,left,13,13,0,0.385,0.719,32,0.052,0.684
P359067_reverse,reverse,15,15,0,0.533,0.557,70,0.037,0.684
P359077_reverse,reverse,15,15,0,0.667,0.444,90,0.06,0.684
P361032_reverse,reverse,10,10,0,0.5,0.593,27,0.041,0.684
P260351_obverse,obverse,16,16,0,0.312,0.789,19,0.046,0.685
P357383_reverse,reverse,21,21,0,0.571,0.525,59,0.042,0.685
P357595_obverse,obverse,18,18,0,0.667,0.473,93,0.086,0.685
P358507_obverse,obverse,10,10,0,0.5,0.59,39,0.034,0.685
P358695_obverse,obverse,10,10,0,0.6,0.5,36,0.044,0.685
P358711_left,left,2,2,0,0.5,0.556,9,0.0,0.685
P359058_reverse,reverse,26,26,0,0.577,0.51,100,0.033,0.685
P359942_obverse,obverse,8,8,0,0.5,0.579,38,0.024,0.685
P389548_reverse,reverse,7,,,0.571,0.75,28,0.267,0.685
P357431_obverse,obverse,17,17,0,0.529,0.568,95,0.038,0.686
P357625_left,left,4,4,0,0.5,0.583,12,0.026,0.686
P357628_reverse,reverse,22,22,0,0.591,0.5,100,0.033,0.686
P357911_reverse,reverse,10,10,0,0.5,0.6,15,0.043,0.686
P358202_left,left,5,5,0,0.4,,4,0.029,0.686
P359068_obverse,obverse,23,23,0,0.565,0.551,69,0.059,0.686
P389647_obverse,obverse,5,,,1.0,0.4,25,0.342,0.686
P333934_reverse,reverse,19,19,0,0.526,0.569,65,0.034,0.687
P357534_obverse,obverse,18,18,0,0.722,0.385,96,0.045,0.687
P357587_left,left,3,3,0,0.667,0.418,79,0.023,0.687
P358409_reverse,reverse,13,13,0,0.538,0.558,77,0.035,0.687
P358595_left,left,4,4,0,0.75,0.333,12,0.021,0.687
P359066_reverse,reverse,25,25,0,0.56,0.52,98,0.019,0.687
P359074_obverse,obverse,21,21,0,0.524,0.58,100,0.041,0.687
P389567_obverse,obverse,8,,,0.875,0.258,31,0.072,0.687
P389626_obverse,obverse,6,,,0.667,0.448,29,0.055,0.687
P250569_obverse,obverse,5,,,0.8,0.596,52,0.332,0.688
P333927_obverse,obverse,9,9,0,0.556,0.568,44,0.059,0.688
P358231_obverse,obverse,10,10,0,0.5,0.6,5,0.037,0.688
P358603_obverse,obverse,14,14,0,0.571,0.521,71,0.029,0.688
P359060_reverse,reverse,26,26,0,0.654,0.45,100,0.04,0.688
P359178_obverse,obverse,8,8,0,0.75,0.36,25,0.045,0.688
P359376_obverse,obverse,5,5,0,0.6,0.5,10,0.036,0.688
P361564_obverse,obverse,9,9,0,0.778,0.308,26,0.023,0.688
P368424_obverse,obverse,11,11,0,0.818,0.311,61,0.066,0.688
P357785_reverse,reverse,13,13,0,0.462,0.643,28,0.037,0.689
P357822_reverse,reverse,5,5,0,0.6,0.5,12,0.032,0.689
P358604_reverse,reverse,12,12,0,0.583,0.5,82,0.016,0.689
P359059_left,left,4,4,0,0.5,0.583,24,0.016,0.689
P359220_obverse,obverse,6,6,0,0.333,0.778,18,0.043,0.689
P359274_reverse,reverse,5,,,,,0,0.311,0.689
P361672_obverse,obverse,9,9,0,0.444,0.64,25,0.016,0.689
P389611_reverse,reverse,8,,,0.75,0.583,24,0.266,0.689
P260350_reverse,reverse,14,14,0,0.571,0.533,60,0.036,0.69
P357643_obverse,obverse,8,8,0,0.625,0.52,25,0.076,0.69
P357911_left,left,2,2,0,0.5,0.571,7,0.0,0.69
P358253_reverse,reverse,18,18,0,0.722,0.41,83,0.062,0.69
P359131_reverse,reverse,13,13,0,0.538,0.558,43,0.027,0.69
P359242_obverse,obverse,14,14,0,0.857,0.25,36,0.037,0.69
P359303_obverse,obverse,11,11,0,0.364,0.727,11,0.021,0.69
P333891_obverse,obverse,18,18,0,0.556,0.569,58,0.05,0.691
P359327_obverse,obverse,11,11,0,0.545,0.549,51,0.02,0.691
P359346_obverse,obverse,5,5,0,0.4,,4,0.018,0.691
P333886_reverse,reverse,18,18,0,0.5,0.615,91,0.041,0.692
P357723_reverse,reverse,15,15,0,0.667,0.458,59,0.048,0.692
P358450_obverse,obverse,8,8,0,0.75,0.375,32,0.049,0.692
P359100_reverse,reverse,12,12,0,0.75,0.364,44,0.039,0.692
P388422_reverse,reverse,3,,,,,0,0.308,0.692
P389643_obverse,obverse,7,,,0.714,0.667,6,0.304,0.692
P390563_reverse,reverse,12,12,0,0.583,0.558,43,0.064,0.692
P250571_reverse,reverse,3,,,0.667,1.0,15,0.587,0.693
P357649_reverse,reverse,18,18,0,0.556,0.568,74,0.044,0.693
P357654_reverse,reverse,18,18,0,0.611,0.532,62,0.066,0.693
P357899_obverse,obverse,11,11,0,0.727,0.382,34,0.03,0.693
P357931_obverse,obverse,8,8,0,0.5,0.611,18,0.033,0.693
P359161_obverse,obverse,9,9,0,0.556,0.556,9,0.034,0.693
P359362_obverse,obverse,6,6,0,0.667,0.438,16,0.025,0.693
P390547_reverse,reverse,9,9,0,0.667,0.464,28,0.051,0.693
P357661_left,left,3,3,0,0.667,0.438,32,0.023,0.694
P359216_reverse,reverse,5,5,0,0.4,0.714,7,0.032,0.694
P359381_obverse,obverse,8,8,0,0.75,0.35,20,0.018,0.694
P389645_obverse,obverse,10,,,0.9,0.28,25,0.098,0.694
P390572_obverse,obverse,9,9,0,0.667,0.462,13,0.046,0.694
P333883_obverse,obverse,19,19,0,0.579,0.544,79,0.04,0.695
P357533_reverse,reverse,14,14,0,0.714,0.432,81,0.061,0.695
P357788_obverse,obverse,7,,,0.714,0.45,20,0.078,0.695
P357804_reverse,reverse,21,21,0,0.333,0.806,36,0.053,0.695
P357931_left,left,7,7,0,0.429,0.667,6,0.01,0.695
P358224_obverse,obverse,31,31,0,0.613,0.51,100,0.039,0.695
P361115_reverse,reverse,14,14,0,0.786,0.322,87,0.023,0.695
P361615_reverse,reverse,16,16,0,0.562,0.551,89,0.029,0.695
P389581_reverse,reverse,4,,,0.5,0.714,7,0.13,0.695
P357545_obverse,obverse,11,11,0,0.545,0.615,13,0.073,0.696
P357700_obverse,obverse,10,10,0,0.5,0.643,42,0.055,0.696
P358191_reverse,reverse,13,13,0,0.615,0.544,57,0.071,0.696
P359271_obverse,obverse,10,10,0,0.5,0.609,23,0.022,0.696
P361134_reverse,reverse,14,14,0,0.571,0.571,56,0.054,0.696
P357361_obverse,obverse,17,17,0,0.647,0.531,81,0.087,0.697
P357576_obverse,obverse,15,15,0,0.667,0.471,70,0.047,0.697
P359381_reverse,reverse,8,8,0,0.75,0.375,16,0.033,0.697
P361181_reverse,reverse,9,9,0,0.444,0.667,6,0.022,0.697
P361300_obverse,obverse,18,18,0,0.667,0.517,87,0.093,0.697
P389634_reverse,reverse,3,,,0.667,0.586,29,0.162,0.697
P272901_reverse,reverse,15,15,0,0.6,0.525,40,0.032,0.698
P333891_reverse,reverse,20,20,0,0.65,0.49,100,0.045,0.698
P357964_obverse,obverse,16,16,0,0.625,0.542,24,0.073,0.698
P359137_reverse,reverse,10,10,0,0.6,0.515,33,0.02,0.698
P359224_obverse,obverse,6,6,0,0.5,0.625,16,0.03,0.698
P333922_left,left,3,3,0,0.667,0.438,16,0.008,0.699
P357354_obverse,obverse,18,18,0,0.667,0.5,100,0.07,0.699
P357677_reverse,reverse,14,14,0,0.571,0.58,69,0.053,0.699
P357813_obverse,obverse,10,10,0,0.5,0.639,36,0.041,0.699
P358192_reverse,reverse,13,13,0,0.615,0.519,27,0.038,0.699
P358999_obverse,obverse,12,12,0,0.583,0.529,17,0.016,0.699
P359112_reverse,reverse,13,13,0,0.538,0.585,53,0.027,0.699
P359125_obverse,obverse,19,19,0,0.474,0.647,34,0.024,0.699
P359168_obverse,obverse,10,10,0,0.7,0.433,30,0.036,0.699
P359308_obverse,obverse,10,10,0,0.6,0.522,23,0.025,0.699
P359975_obverse,obverse,13,13,0,0.462,0.677,31,0.042,0.699
P361141_left,left,4,4,0,0.5,0.625,8,0.029,0.699
P361143_obverse,obverse,13,13,0,0.462,0.702,47,0.068,0.699
P361181_obverse,obverse,7,7,0,0.571,0.556,9,0.031,0.699
P389546_obverse,obverse,4,,,,,1,0.301,0.699
P333918_left,left,4,4,0,0.75,0.364,22,0.013,0.7
P333930_reverse,reverse,11,11,0,0.727,0.407,54,0.034,0.7
P357415_reverse,reverse,18,18,0,0.667,0.5,100,0.066,0.7
P357826_obverse,obverse,10,10,0,0.6,0.519,27,0.019,0.7
P358187_obverse,obverse,12,12,0,0.583,0.579,38,0.061,0.7
P358533_obverse,obverse,14,14,0,0.714,0.418,67,0.032,0.7
P359107_reverse,reverse,2,2,0,0.5,0.6,10,0.0,0.7
P359139_obverse,obverse,7,7,0,0.571,0.545,11,0.015,0.7
P361053_left,left,3,3,0,0.667,0.444,9,0.01,0.7
P361047_reverse,reverse,14,14,0,0.714,0.481,54,0.096,0.7
P361302_obverse,obverse,20,20,0,0.65,0.51,100,0.059,0.7
P361695_left,left,2,2,0,0.5,0.6,15,0.0,0.7
P390555_left,left,2,2,0,0.5,0.6,5,0.0,0.7
P260376_obverse,obverse,13,13,0,0.462,0.692,39,0.051,0.701
P333887_left,left,3,3,0,0.667,0.444,27,0.009,0.701
P333885_reverse,reverse,27,27,0,0.593,0.56,100,0.05,0.701
P357640_obverse,obverse,18,18,0,0.667,0.49,100,0.055,0.701
P358226_obverse,obverse,12,12,0,0.583,0.583,36,0.064,0.701
P359974_reverse,reverse,16,16,0,0.375,0.75,16,0.023,0.701
P357638_reverse,reverse,30,30,0,0.6,0.53,100,0.025,0.702
P357733_reverse,reverse,13,13,0,0.615,0.559,34,0.067,0.702
P357739_obverse,obverse,11,11,0,0.727,0.464,56,0.086,0.702
P357774_obverse,obverse,10,10,0,0.6,0.541,37,0.034,0.702
P361088_reverse,reverse,14,14,0,0.5,0.625,48,0.018,0.702
P361124_obverse,obverse,14,14,0,0.5,0.636,44,0.03,0.702
P389604_obverse,obverse,10,,,0.8,0.525,61,0.217,0.702
P390549_obverse,obverse,12,12,0,0.75,0.413,46,0.056,0.702
P393109_obverse,obverse,11,11,0,0.727,0.407,27,0.029,0.702
P250574_obverse,obverse,8,,,0.75,0.69,42,0.33,0.703
P333904_reverse,reverse,6,6,0,0.5,0.65,20,0.04,0.703
P357340_reverse,reverse,8,8,0,0.625,0.533,30,0.05,0.703
P357673_left,left,6,6,0,0.333,0.8,20,0.023,0.703
P358226_reverse,reverse,8,8,0,0.625,0.5,20,0.015,0.703
P359160_obverse,obverse,9,9,0,0.667,0.472,36,0.029,0.703
P359172_obverse,obverse,13,13,0,0.538,0.604,48,0.033,0.703
P359286_obverse,obverse,12,12,0,0.75,0.413,63,0.053,0.703
P359339_reverse,reverse,11,11,0,0.636,0.5,16,0.027,0.703
P361003_reverse,reverse,22,22,0,0.591,0.561,82,0.044,0.703
P389666_obverse,obverse,6,,,0.667,0.6,20,0.157,0.703
P357594_left,left,3,3,0,0.667,0.478,46,0.032,0.704
P357751_obverse,obverse,6,6,0,0.667,0.474,19,0.028,0.704
P357800_obverse,obverse,7,7,0,0.571,0.552,29,0.01,0.704
P357961_obverse,obverse,10,10,0,0.4,0.75,24,0.037,0.704
P358201_reverse,reverse,15,15,0,0.533,0.635,63,0.055,0.704
P358601_reverse,reverse,15,15,0,0.667,0.49,96,0.045,0.704
P359256_obverse,obverse,10,10,0,0.5,0.628,43,0.016,0.704
P250561_obverse,obverse,9,,,0.667,0.548,42,0.101,0.705
P260360_reverse,reverse,3,3,0,0.667,0.462,13,0.012,0.705
P357508_obverse,obverse,11,11,0,0.636,0.564,39,0.087,0.705
P357653_left,left,2,2,0,0.5,0.615,13,0.0,0.705
P358797_obverse,obverse,11,11,0,0.727,0.429,70,0.041,0.705
P359074_reverse,reverse,20,20,0,0.6,0.54,100,0.026,0.705
P359368_obverse,obverse,7,7,0,0.571,0.571,21,0.029,0.705
P359968_obverse,obverse,15,15,0,0.467,0.692,26,0.045,0.705
P361612_left,left,4,4,0,0.5,0.636,11,0.02,0.705
P260368_obverse,obverse,8,8,0,0.625,0.538,13,0.046,0.706
P333938_reverse,reverse,9,9,0,0.444,,2,0.033,0.706
P357359_left,left,5,5,0,0.6,0.537,41,0.02,0.706
P357418_reverse,reverse,13,13,0,0.615,0.545,33,0.043,0.706
P357491_left,left,5,5,0,0.4,0.731,26,0.014,0.706
P357625_obverse,obverse,17,17,0,0.706,0.48,100,0.067,0.706
P357728_left,left,4,4,0,0.5,0.625,16,0.007,0.706
P359369_reverse,reverse,7,7,0,0.429,,2,0.017,0.706
P361096_reverse,reverse,8,,,,,0,0.294,0.706
P361141_obverse,obverse,15,15,0,0.667,0.514,74,0.061,0.706
P389623_reverse,reverse,4,,,0.75,0.571,14,0.202,0.706
P250555_reverse,reverse,7,,,0.857,0.413,46,0.149,0.707
P358329_obverse,obverse,8,8,0,0.625,0.55,20,0.054,0.707
P358330_obverse,obverse,9,,,0.889,0.383,47,0.15,0.707
P358857_obverse,obverse,16,16,0,0.5,0.64,75,0.02,0.707
P359246_left,left,5,5,0,0.8,0.333,15,0.014,0.707
P361103_obverse,obverse,13,13,0,0.692,0.486,72,0.058,0.707
P368347_reverse,reverse,5,5,0,0.6,0.542,24,0.022,0.707
P260387_reverse,reverse,4,,,0.75,,4,0.334,0.708
P333884_obverse,obverse,17,17,0,0.647,0.574,54,0.098,0.708
P357939_reverse,reverse,3,3,0,0.667,0.462,13,0.005,0.708
P359064_left,left,2,2,0,0.5,0.625,8,0.0,0.708
P359126_obverse,obverse,3,3,0,0.333,0.8,5,0.008,0.708
P359207_obverse,obverse,9,9,0,0.778,0.4,35,0.053,0.708
P359225_obverse,obverse,5,5,0,0.8,0.353,17,0.027,0.708
P361139_left,left,3,3,0,0.333,0.8,5,0.011,0.708
P361171_reverse,reverse,19,19,0,0.632,0.52,100,0.027,0.708
P389646_reverse,reverse,3,,,,,0,0.292,0.708
P358460_reverse,reverse,4,4,0,0.5,0.643,14,0.015,0.709
P359132_left,left,4,4,0,0.5,0.636,11,0.008,0.709
P359230_obverse,obverse,5,5,0,0.6,0.538,13,0.009,0.71
P359249_obverse,obverse,13,13,0,0.538,0.611,18,0.019,0.71
P359292_reverse,reverse,15,15,0,0.667,0.5,62,0.037,0.71
P361301_reverse,reverse,18,18,0,0.611,0.552,67,0.034,0.71
P357974_reverse,reverse,5,,,,,0,0.289,0.711
P358484_obverse,obverse,10,10,0,0.6,0.553,38,0.019,0.711
P358701_reverse,reverse,13,13,0,0.462,0.684,57,0.011,0.711
P359059_obverse,obverse,26,26,0,0.615,0.54,100,0.022,0.711
P359101_obverse,obverse,15,15,0,0.6,0.583,36,0.049,0.711
P361566_reverse,reverse,19,19,0,0.632,0.538,80,0.037,0.711
P390566_left,left,3,3,0,0.667,0.5,10,0.034,0.711
P260362_reverse,reverse,12,12,0,0.583,0.583,36,0.03,0.712
P358195_reverse,reverse,9,9,0,0.667,0.5,36,0.03,0.712
P359113_reverse,reverse,7,7,0,0.714,0.452,31,0.03,0.712
P359208_reverse,reverse,11,11,0,0.545,0.623,53,0.031,0.712
P359378_reverse,reverse,2,2,0,0.5,0.636,11,0.0,0.712
P368335_left,left,2,2,0,0.5,0.636,11,0.0,0.712
P358225_obverse,obverse,10,10,0,0.5,0.714,14,0.074,0.713
P358490_obverse,obverse,13,13,0,0.615,0.548,62,0.025,0.713
P359069_obverse,obverse,18,18,0,0.722,0.49,100,0.074,0.713
P389659_obverse,obverse,7,,,,,1,0.287,0.713
P390547_obverse,obverse,10,10,0,0.7,0.5,46,0.06,0.713
P332984_obverse,obverse,13,,,0.846,0.39,100,0.094,0.714
P357685_obverse,obverse,10,10,0,0.7,0.478,23,0.035,0.714
P357746_obverse,obverse,6,6,0,0.667,0.529,17,0.054,0.714
P358201_obverse,obverse,13,13,0,0.692,0.548,62,0.099,0.714
P361615_left,left,2,2,0,0.5,0.643,14,0.0,0.714
P260363_obverse,obverse,15,15,0,0.333,0.833,6,0.021,0.715
P332983_obverse,obverse,28,28,0,0.75,0.46,100,0.065,0.715
P332983_reverse,reverse,29,29,0,0.621,0.57,100,0.045,0.715
P333898_left,left,4,4,0,0.75,0.412,17,0.018,0.715
P357628_left,left,4,4,0,0.5,0.667,12,0.021,0.715
P357666_reverse,reverse,12,12,0,0.667,0.51,49,0.033,0.715
P358507_reverse,reverse,8,8,0,0.625,0.535,43,0.014,0.715
P359175_obverse,obverse,13,13,0,0.615,0.565,62,0.035,0.715
P360780_reverse,reverse,19,19,0,0.684,0.52,100,0.058,0.715
P360999_obverse,obverse,16,16,0,0.562,0.604,48,0.023,0.715
P250579_obverse,obverse,8,,,0.75,0.714,28,0.318,0.716
P293710_reverse,reverse,19,19,0,0.632,0.556,36,0.039,0.716
P333921_obverse,obverse,11,11,0,0.727,0.459,61,0.04,0.716
P358198_obverse,obverse,9,9,0,0.889,0.289,45,0.031,0.716
P358222_obverse,obverse,19,19,0,0.632,0.558,52,0.042,0.716
P359169_obverse,obverse,7,7,0,0.571,0.625,16,0.048,0.716
P359266_obverse,obverse,7,7,0,0.714,0.462,26,0.026,0.716
P357356_left,left,3,3,0,0.333,0.818,11,0.0,0.717
P358214_obverse,obverse,18,18,0,0.611,0.578,90,0.039,0.717
P358219_reverse,reverse,20,20,0,0.65,0.578,83,0.077,0.717
P358533_left,left,3,3,0,0.667,0.485,33,0.0,0.717
P361089_reverse,reverse,5,5,0,0.6,0.571,14,0.02,0.717
P260348_reverse,reverse,5,5,0,0.8,0.407,27,0.053,0.718
P357546_left,left,3,3,0,0.333,0.833,6,0.013,0.718
P357685_reverse,reverse,13,13,0,0.538,0.667,21,0.051,0.718
P357743_obverse,obverse,14,14,0,0.571,0.622,45,0.039,0.718
P358254_obverse,obverse,15,15,0,0.667,0.511,45,0.024,0.718
P359181_obverse,obverse,8,8,0,0.75,0.436,39,0.033,0.718
P359218_reverse,reverse,5,,,,,0,0.282,0.718
P389591_reverse,reverse,8,,,0.5,0.778,18,0.123,0.718
P333891_left,left,3,3,0,0.667,0.5,20,0.009,0.719
P357376_obverse,obverse,16,16,0,0.562,0.63,100,0.037,0.719
P357638_obverse,obverse,17,17,0,0.588,0.6,100,0.032,0.719
P358218_obverse,obverse,12,12,0,0.667,0.577,26,0.088,0.719
P358546_left,left,5,5,0,0.4,0.778,9,0.02,0.719
P358562_reverse,reverse,20,20,0,0.7,0.49,100,0.032,0.719
P359132_reverse,reverse,10,10,0,0.6,0.588,34,0.031,0.719
P359325_reverse,reverse,13,13,0,0.692,0.5,24,0.035,0.719
P360782_reverse,reverse,12,12,0,0.667,0.52,25,0.031,0.719
P389621_obverse,obverse,8,,,0.75,0.519,27,0.111,0.719
P290065_reverse,reverse,21,21,0,0.714,0.49,100,0.043,0.72
P333894_reverse,reverse,12,12,0,0.75,0.442,52,0.033,0.72
P333930_obverse,obverse,15,15,0,0.733,0.5,78,0.075,0.72
P357345_reverse,reverse,12,12,0,0.75,0.46,50,0.051,0.72
P357349_obverse,obverse,16,16,0,0.688,0.558,52,0.085,0.72
P357478_reverse,reverse,7,,,0.571,0.65,20,0.062,0.72
P358631_reverse,reverse,13,13,0,0.538,0.655,29,0.033,0.72
P361144_obverse,obverse,11,11,0,0.545,0.629,35,0.015,0.72
P361174_reverse,reverse,5,5,0,0.6,0.6,10,0.039,0.72
P389555_obverse,obverse,6,,,0.5,0.909,22,0.249,0.72
P333883_reverse,reverse,20,20,0,0.6,0.625,88,0.061,0.721
P333892_obverse,obverse,17,17,0,0.647,0.59,100,0.073,0.721
P357361_reverse,reverse,18,18,0,0.556,0.67,100,0.062,0.721
P357643_reverse,reverse,9,9,0,0.556,0.667,18,0.058,0.721
P357650_left,left,4,4,0,0.5,0.692,13,0.028,0.721
P358285_obverse,obverse,7,7,0,0.857,0.364,11,0.059,0.721
P260386_obverse,obverse,10,10,0,0.6,0.6,20,0.034,0.722
P333939_reverse,reverse,13,13,0,0.692,0.536,56,0.061,0.722
P357420_obverse,obverse,7,,,0.857,0.529,17,0.222,0.722
P357430_obverse,obverse,16,16,0,0.688,0.542,96,0.063,0.722
P357562_reverse,reverse,6,6,0,0.667,0.529,17,0.029,0.722
P357612_left,left,2,2,0,0.5,0.667,18,0.0,0.722
P357658_left,left,2,2,0,0.5,0.667,6,0.0,0.722
P357774_left,left,2,2,0,0.5,0.667,9,0.0,0.722
P358201_left,left,4,4,0,0.5,0.667,9,0.0,0.722
P358241_obverse,obverse,9,9,0,0.444,0.75,20,0.027,0.722
P358412_left,left,2,2,0,0.5,0.667,6,0.0,0.722
P358721_left,left,2,2,0,0.5,0.667,6,0.0,0.722
P389649_obverse,obverse,6,,,0.667,0.545,22,0.045,0.722
P357480_obverse,obverse,7,,,0.571,0.692,13,0.094,0.723
P357764_reverse,reverse,5,5,0,0.8,0.4,5,0.032,0.723
P359290_obverse,obverse,19,19,0,0.632,0.576,99,0.037,0.723
P359951_obverse,obverse,8,8,0,0.75,0.462,39,0.042,0.723
P361091_obverse,obverse,12,12,0,0.667,0.574,47,0.074,0.723
P290065_obverse,obverse,23,23,0,0.739,0.48,100,0.047,0.724
P358186_reverse,reverse,10,10,0,0.7,0.5,12,0.028,0.724
P359274_left,left,4,4,0,0.75,0.421,19,0.0,0.724
P431270_reverse,reverse,5,,,0.6,0.857,7,0.284,0.724
P250554_reverse,reverse,8,,,0.875,0.609,46,0.308,0.725
P260377_reverse,reverse,11,11,0,0.727,0.483,29,0.035,0.725
P357395_reverse,reverse,14,14,0,0.714,0.5,40,0.039,0.725
P357803_obverse,obverse,11,11,0,0.727,0.491,55,0.044,0.725
P357837_obverse,obverse,20,20,0,0.7,0.526,78,0.051,0.725
P389545_reverse,reverse,4,,,,,0,0.275,0.725
P357654_obverse,obverse,15,15,0,0.6,0.645,62,0.067,0.726
P357663_obverse,obverse,8,8,0,0.5,,2,0.049,0.726
P358272_obverse,obverse,6,6,0,0.5,0.7,10,0.023,0.726
P359264_reverse,reverse,7,,,,,0,0.274,0.726
P361168_obverse,obverse,4,4,0,0.5,0.692,39,0.012,0.727
P333918_obverse,obverse,17,17,0,0.824,0.448,96,0.087,0.728
P333916_reverse,reverse,14,14,0,0.714,0.5,8,0.031,0.728
P357348_left,left,3,3,0,0.667,0.538,26,0.021,0.728
P357756_reverse,reverse,10,10,0,0.8,0.434,53,0.05,0.728
P357952_obverse,obverse,12,12,0,0.667,0.583,24,0.066,0.728
P359331_obverse,obverse,13,13,0,0.615,0.6,25,0.032,0.728
P361565_obverse,obverse,15,15,0,0.6,0.642,53,0.058,0.728
P333935_reverse,reverse,16,16,0,0.625,0.62,100,0.057,0.729
P357901_reverse,reverse,5,5,0,0.6,0.6,5,0.013,0.729
P358477_reverse,reverse,11,11,0,0.818,0.403,62,0.035,0.729
P358773_right,right,2,2,0,0.5,0.688,48,0.0,0.729
P359154_obverse,obverse,12,12,0,0.583,0.657,35,0.053,0.729
P359162_obverse,obverse,11,11,0,0.636,0.583,48,0.033,0.729
P359377_reverse,reverse,6,6,0,0.5,,4,0.043,0.729
P360780_obverse,obverse,17,17,0,0.824,0.4,100,0.038,0.729
P361675_reverse,reverse,9,,,0.778,0.48,25,0.071,0.729
P390568_obverse,obverse,15,15,0,0.8,0.47,83,0.084,0.729
P405519_reverse,reverse,5,5,0,0.4,0.8,5,0.012,0.729
P357528_reverse,reverse,11,11,0,0.455,0.8,10,0.065,0.73
P260372_reverse,reverse,14,14,0,0.643,0.594,32,0.042,0.731
P333903_reverse,reverse,12,12,0,0.667,0.554,56,0.026,0.731
P357415_obverse,obverse,18,18,0,0.611,0.646,65,0.065,0.731
P357811_obverse,obverse,7,,,0.714,0.65,20,0.17,0.731
P358620_reverse,reverse,13,13,0,0.769,0.472,72,0.048,0.731
P360778_obverse,obverse,13,13,0,0.692,0.536,28,0.036,0.731
P405529_reverse,reverse,4,,,,,0,0.269,0.731
P357363_left,left,4,4,0,0.75,0.483,29,0.035,0.732
P357686_reverse,reverse,9,9,0,0.444,0.786,28,0.035,0.732
P358221_obverse,obverse,9,9,0,0.556,0.706,17,0.064,0.732
P359960_reverse,reverse,8,8,0,0.5,,3,0.037,0.732
P357609_obverse,obverse,22,22,0,0.773,0.47,100,0.043,0.733
P358668_obverse,obverse,15,15,0,0.6,0.627,75,0.027,0.733
P359062_left,left,4,4,0,0.75,0.462,13,0.013,0.733
P359115_obverse,obverse,9,9,0,0.667,0.545,33,0.014,0.733
P359297_left,left,2,2,0,0.5,0.7,10,0.0,0.733
P359956_left,left,2,2,0,0.5,0.7,10,0.0,0.733
P361042_obverse,obverse,15,15,0,0.733,0.545,66,0.08,0.733
P387679_obverse,obverse,16,16,0,0.75,0.494,85,0.047,0.733
P390553_obverse,obverse,9,9,0,0.889,0.333,18,0.024,0.733
P333897_obverse,obverse,10,10,0,0.8,0.443,61,0.041,0.734
P333916_obverse,obverse,19,19,0,0.684,0.569,51,0.05,0.734
P357403_reverse,reverse,6,6,0,0.667,0.545,22,0.011,0.734
P357549_obverse,obverse,5,5,0,0.8,0.444,9,0.044,0.734
P357692_obverse,obverse,4,4,0,0.5,0.714,7,0.013,0.734
P359319_reverse,reverse,12,12,0,0.583,0.659,41,0.04,0.734
P389656_obverse,obverse,12,,,0.833,0.423,71,0.055,0.734
P357377_obverse,obverse,9,9,0,0.778,0.444,18,0.018,0.735
P357539_left,left,4,4,0,0.75,0.487,39,0.031,0.735
P357935_obverse,obverse,13,13,0,0.846,0.4,35,0.04,0.735
P358550_left,left,3,3,0,0.667,0.545,11,0.007,0.735
P359238_obverse,obverse,14,14,0,0.643,0.583,60,0.021,0.735
P359342_obverse,obverse,11,11,0,0.545,0.679,28,0.02,0.735
P359360_obverse,obverse,10,10,0,0.7,0.533,30,0.029,0.735
P359965_obverse,obverse,14,14,0,0.714,0.552,67,0.061,0.735
P361185_reverse,reverse,4,4,0,0.5,,3,0.03,0.735
P357351_left,left,4,4,0,0.75,0.526,19,0.067,0.736
P358211_obverse,obverse,14,14,0,0.429,0.833,12,0.054,0.736
P358321_obverse,obverse,7,7,0,0.857,0.385,26,0.035,0.736
P358600_obverse,obverse,14,14,0,0.714,0.52,100,0.026,0.736
P359370_reverse,reverse,8,8,0,0.625,0.6,5,0.018,0.736
P358198_reverse,reverse,12,12,0,0.667,0.581,31,0.036,0.737
P359136_obverse,obverse,7,7,0,0.571,0.65,20,0.011,0.737
P361632_obverse,obverse,10,10,0,0.8,0.455,55,0.043,0.737
P272898_left,left,2,2,0,0.5,0.714,7,0.0,0.738
P357776_obverse,obverse,22,22,0,0.727,0.53,100,0.045,0.738
P357840_left,left,2,2,0,0.5,0.714,7,0.0,0.738
P359953_reverse,reverse,4,,,,,0,0.262,0.738
P389647_reverse,reverse,8,,,0.625,0.8,25,0.212,0.738
P389660_reverse,reverse,6,,,,,0,0.262,0.738
P390641_left,left,2,2,0,0.5,0.714,7,0.0,0.738
P333894_obverse,obverse,14,14,0,0.714,0.544,79,0.043,0.739
P333908_left,left,3,3,0,0.667,0.583,24,0.032,0.739
P357634_left,left,4,4,0,0.75,0.5,32,0.034,0.739
P358713_reverse,reverse,7,7,0,0.571,0.658,38,0.012,0.739
P359313_reverse,reverse,9,9,0,0.778,0.469,49,0.031,0.739
P359949_obverse,obverse,14,14,0,0.357,0.9,20,0.04,0.739
P361044_left,left,4,4,0,0.5,0.731,26,0.012,0.739
P333899_left,left,3,3,0,0.667,0.562,16,0.01,0.74
P357734_reverse,reverse,9,9,0,0.667,0.594,32,0.041,0.74
P358530_left,left,5,5,0,0.6,0.639,61,0.02,0.74
P360982_obverse,obverse,9,9,0,0.667,0.607,28,0.053,0.74
P389561_obverse,obverse,9,,,,,1,0.26,0.74
P390564_left,left,4,4,0,0.5,,2,0.021,0.74
P357363_obverse,obverse,19,19,0,0.842,0.44,100,0.059,0.741
P359114_reverse,reverse,9,9,0,0.778,0.478,46,0.032,0.741
P359133_left,left,4,4,0,0.5,,2,0.017,0.741
P359297_reverse,reverse,18,18,0,0.778,0.51,100,0.066,0.741
P250581_obverse,obverse,5,,,0.8,0.625,16,0.198,0.742
P260383_reverse,reverse,7,7,0,0.571,0.667,9,0.012,0.742
P357689_reverse,reverse,4,4,0,0.5,,4,0.016,0.742
P359277_obverse,obverse,15,15,0,0.667,0.58,50,0.019,0.742
P359338_obverse,obverse,10,10,0,0.8,0.462,13,0.036,0.742
P359351_reverse,reverse,6,6,0,0.833,0.417,12,0.023,0.742
P360975_left,left,5,5,0,0.6,0.65,20,0.024,0.742
P250556_obverse,obverse,4,,,1.0,0.386,57,0.158,0.743
P333898_reverse,reverse,14,14,0,0.643,0.656,64,0.071,0.743
P357513_reverse,reverse,12,,,0.75,0.55,100,0.071,0.743
P357761_obverse,obverse,4,4,0,0.5,,4,0.015,0.743
P358514_obverse,obverse,16,16,0,0.75,0.51,100,0.03,0.743
P359088_obverse,obverse,14,14,0,0.571,0.687,83,0.029,0.743
P359091_obverse,obverse,8,8,0,0.875,0.4,35,0.045,0.743
P359395_obverse,obverse,12,12,0,0.583,0.667,12,0.022,0.743
P361140_obverse,obverse,10,10,0,0.7,0.583,24,0.055,0.743
P260377_obverse,obverse,11,11,0,0.818,0.471,34,0.056,0.744
P357912_left,left,4,4,0,0.5,,4,0.011,0.744
P358197_reverse,reverse,4,4,0,0.5,,2,0.013,0.744
P358252_reverse,reverse,5,5,0,0.6,0.667,18,0.036,0.744
P358289_reverse,reverse,5,5,0,0.4,0.857,7,0.027,0.744
P359142_obverse,obverse,10,10,0,0.7,0.585,41,0.052,0.744
P359242_left,left,4,4,0,0.5,0.75,16,0.019,0.744
P357592_left,left,3,3,0,0.667,0.571,14,0.002,0.745
P357684_left,left,4,4,0,0.75,0.5,14,0.015,0.745
P357836_obverse,obverse,26,26,0,0.615,0.68,100,0.061,0.745
P357937_reverse,reverse,17,17,0,0.824,0.483,58,0.071,0.745
P361003_left,left,4,4,0,0.5,,4,0.011,0.745
P393099_reverse,reverse,10,10,0,0.9,0.351,37,0.017,0.745
P357700_reverse,reverse,12,12,0,0.583,0.689,45,0.033,0.746
P358228_reverse,reverse,18,18,0,0.778,0.5,84,0.041,0.746
P358419_reverse,reverse,8,8,0,0.75,0.516,31,0.029,0.746
P358432_obverse,obverse,15,15,0,0.733,0.574,54,0.07,0.746
P358712_left,left,5,5,0,0.6,0.647,17,0.01,0.746
P358261_reverse,reverse,7,7,0,0.857,0.409,22,0.025,0.747
P358556_left,left,4,4,0,0.75,0.5,8,0.009,0.747
P359268_obverse,obverse,8,8,0,0.875,0.438,16,0.071,0.747
P390571_obverse,obverse,14,14,0,0.857,0.44,50,0.057,0.747
P359092_reverse,reverse,13,13,0,0.692,0.579,57,0.026,0.748
P359337_left,left,4,4,0,0.5,,3,0.004,0.748
P359116_obverse,obverse,11,11,0,0.727,0.567,30,0.046,0.749
P390567_obverse,obverse,14,14,0,0.786,0.505,91,0.045,0.749
P260352_left,left,2,2,0,0.5,,4,0.0,0.75
P260347_left,left,2,2,0,0.5,0.75,8,0.0,0.75
P273589_left,left,2,2,0,0.5,,4,0.0,0.75
P357505_left,left,2,2,0,0.5,,4,0.0,0.75
P357515_left,left,2,2,0,0.5,,3,0.0,0.75
P357524_left,left,2,2,0,0.5,,3,0.0,0.75
P357550_reverse,reverse,2,2,0,0.5,,2,0.0,0.75
P357613_left,left,2,2,0,0.5,,2,0.0,0.75
P357629_obverse,obverse,21,21,0,0.667,0.62,100,0.035,0.75
P357643_left,left,2,2,0,0.5,,3,0.0,0.75
P357647_left,left,2,2,0,0.5,,4,0.0,0.75
P357672_left,left,2,2,0,0.5,,2,0.0,0.75
P357719_reverse,reverse,2,2,0,0.5,,3,0.0,0.75
P357814_left,left,2,2,0,0.5,,3,0.0,0.75
P358241_left,left,2,2,0,0.5,,3,0.0,0.75
P358274_reverse,reverse,2,2,0,0.5,,3,0.0,0.75
P358428_left,left,2,2,0,0.5,,4,0.0,0.75
P358450_left,left,2,2,0,0.5,,4,0.0,0.75
P358462_left,left,2,2,0,0.5,,2,0.0,0.75
P358490_left,left,2,2,0,0.5,,4,0.0,0.75
P358508_left,left,2,2,0,0.5,,2,0.0,0.75
P358526_reverse,reverse,7,7,0,0.571,0.697,33,0.018,0.75
P358718_left,left,2,2,0,0.5,,4,0.0,0.75
P358722_left,left,2,2,0,0.5,,2,0.0,0.75
P359135_left,left,2,2,0,0.5,,4,0.0,0.75
P359146_obverse,obverse,2,2,0,0.5,,2,0.0,0.75
P359167_left,left,2,2,0,0.5,,4,0.0,0.75
P359228_obverse,obverse,5,5,0,0.6,0.714,7,0.064,0.75
P359231_reverse,reverse,2,2,0,0.5,,4,0.0,0.75
P359292_left,left,2,2,0,0.5,,3,0.0,0.75
P359312_left,left,2,2,0,0.5,,2,0.0,0.75
P359320_left,left,2,2,0,0.5,,2,0.0,0.75
P359389_left,left,2,2,0,0.5,,2,0.0,0.75
P359944_left,left,2,2,0,0.5,0.75,8,0.0,0.75
P359944_right,right,2,2,0,0.5,,2,0.0,0.75
P361055_left,left,2,2,0,0.5,,2,0.0,0.75
P361085_left,left,2,2,0,0.5,,2,0.0,0.75
P361118_left,left,2,2,0,0.5,,3,0.0,0.75
P361299_left,left,2,2,0,0.5,,4,0.0,0.75
P393104_reverse,reverse,2,2,0,0.5,,2,0.0,0.75
P390562_obverse,obverse,9,9,0,0.778,0.541,37,0.064,0.751
P359115_reverse,reverse,9,9,0,0.556,0.733,30,0.032,0.752
P359293_obverse,obverse,15,15,0,0.667,0.625,80,0.035,0.752
P393107_obverse,obverse,7,7,0,0.571,0.727,22,0.043,0.752
P358539_reverse,reverse,13,13,0,0.692,0.6,65,0.035,0.753
P390558_obverse,obverse,14,14,0,0.857,0.441,59,0.038,0.753
P406212_obverse,obverse,10,,,1.0,0.345,29,0.086,0.753
P357785_obverse,obverse,9,9,0,0.556,,4,0.048,0.754
P361056_obverse,obverse,8,8,0,0.5,0.781,32,0.02,0.754
P431272_obverse,obverse,4,,,1.0,0.463,41,0.201,0.754
P357940_obverse,obverse,8,8,0,0.875,0.421,19,0.03,0.755
P359076_obverse,obverse,8,8,0,0.625,0.667,30,0.027,0.755
P361130_obverse,obverse,14,14,0,0.786,0.528,53,0.05,0.755
P273277_reverse,reverse,9,,,0.778,0.571,42,0.081,0.756
P333883_left,left,3,3,0,0.667,0.6,20,0.0,0.756
P358580_obverse,obverse,9,9,0,0.778,0.538,65,0.048,0.756
P359068_left,left,2,2,0,0.5,0.769,13,0.0,0.756
P359086_obverse,obverse,12,12,0,0.667,0.625,24,0.023,0.756
P359148_obverse,obverse,13,13,0,0.538,0.767,30,0.036,0.756
P359180_reverse,reverse,13,13,0,0.692,0.613,62,0.036,0.756
P361167_reverse,reverse,4,,,,,0,0.244,0.756
P358044_obverse,obverse,9,9,0,0.778,0.556,27,0.061,0.757
P358530_obverse,obverse,19,19,0,0.842,0.48,100,0.052,0.757
P361563_obverse,obverse,10,10,0,0.8,0.5,52,0.028,0.757
P260357_obverse,obverse,13,13,0,0.769,0.552,29,0.047,0.758
P333937_obverse,obverse,18,18,0,0.722,0.625,80,0.074,0.758
P358711_reverse,reverse,7,,,0.714,0.75,48,0.19,0.758
P359370_obverse,obverse,12,12,0,0.75,0.568,44,0.044,0.758
P357637_reverse,reverse,7,7,0,0.714,0.571,14,0.01,0.759
P359268_reverse,reverse,6,6,0,0.833,0.467,30,0.023,0.759
P359306_reverse,reverse,4,4,0,0.5,0.8,15,0.024,0.759
P357751_reverse,reverse,5,,,,,0,0.24,0.76
P389659_reverse,reverse,7,,,0.714,0.714,21,0.149,0.76
P389671_reverse,reverse,11,,,0.909,0.487,39,0.115,0.76
P358521_obverse,obverse,13,13,0,0.692,0.629,62,0.039,0.761
P359095_left,left,3,3,0,0.667,0.615,13,0.0,0.761
P359210_obverse,obverse,9,9,0,0.778,0.568,44,0.063,0.761
P361089_obverse,obverse,13,13,0,0.615,0.697,33,0.028,0.761
P250575_obverse,obverse,3,,,1.0,0.544,68,0.259,0.762
P260367_reverse,reverse,5,5,0,0.6,0.721,43,0.034,0.762
P358282_reverse,reverse,3,3,0,0.667,0.667,12,0.048,0.762
P358462_reverse,reverse,8,8,0,0.75,0.583,24,0.046,0.762
P360979_reverse,reverse,5,,,,,0,0.238,0.762
P260355_obverse,obverse,11,11,0,0.727,0.6,25,0.037,0.763
P359209_obverse,obverse,11,11,0,0.818,0.513,39,0.041,0.763
P359328_left,left,3,3,0,0.667,0.632,19,0.009,0.763
P359352_left,left,4,4,0,0.5,0.8,5,0.012,0.763
P361152_obverse,obverse,7,7,0,0.714,0.611,18,0.038,0.763
P361177_reverse,reverse,5,5,0,0.8,0.5,6,0.01,0.763
P357701_reverse,reverse,8,8,0,0.875,0.455,11,0.039,0.764
P357705_obverse,obverse,11,11,0,0.545,,2,0.017,0.764
P358276_reverse,reverse,4,4,0,0.75,0.571,7,0.029,0.764
P359168_reverse,reverse,6,6,0,1.0,0.333,9,0.042,0.764
P361694_reverse,reverse,10,10,0,0.7,0.667,33,0.071,0.765
P389588_reverse,reverse,10,,,0.7,0.667,45,0.071,0.765
P333894_left,left,3,3,0,0.333,1.0,5,0.035,0.766
P358421_obverse,obverse,8,8,0,0.75,0.581,31,0.034,0.766
P358756_left,left,3,3,0,0.667,0.667,6,0.034,0.766
P359338_reverse,reverse,8,8,0,0.75,0.577,26,0.028,0.766
P357340_left,left,2,2,0,0.5,0.8,5,0.0,0.767
P357356_reverse,reverse,19,19,0,0.737,0.61,100,0.047,0.767
P357442_left,left,2,2,0,0.5,0.8,5,0.0,0.767
P357648_reverse,reverse,8,8,0,0.75,0.581,31,0.029,0.767
P357660_left,left,3,3,0,0.667,0.667,9,0.031,0.767
P358464_left,left,2,2,0,0.5,0.8,5,0.0,0.767
P359068_reverse,reverse,21,21,0,0.762,0.602,93,0.062,0.767
P359154_left,left,2,2,0,0.5,0.8,5,0.0,0.767
P390546_left,left,2,2,0,0.5,0.8,5,0.0,0.767
P260397_obverse,obverse,13,13,0,0.846,0.5,22,0.041,0.768
P333915_reverse,reverse,21,21,0,0.667,0.69,71,0.052,0.768
P357512_reverse,reverse,23,23,0,0.739,0.63,100,0.066,0.768
P358202_obverse,obverse,14,14,0,0.643,0.755,49,0.091,0.769
P358214_reverse,reverse,12,12,0,0.75,0.597,67,0.041,0.769
P359134_obverse,obverse,10,10,0,0.7,0.621,29,0.014,0.769
P359197_reverse,reverse,8,8,0,0.875,0.485,33,0.053,0.769
P357504_obverse,obverse,19,19,0,0.842,0.5,100,0.033,0.77
P358584_left,left,4,4,0,0.75,0.591,44,0.03,0.77
P357931_reverse,reverse,12,12,0,0.667,0.676,34,0.031,0.771
P357944_obverse,obverse,14,14,0,0.571,0.778,9,0.036,0.771
P359278_reverse,reverse,14,14,0,0.857,0.489,90,0.032,0.771
P333917_reverse,reverse,16,16,0,0.875,0.486,70,0.045,0.772
P357953_obverse,obverse,7,7,0,0.714,0.633,30,0.031,0.772
P357502_reverse,reverse,11,11,0,0.909,0.435,46,0.026,0.773
P357597_obverse,obverse,17,17,0,0.824,0.529,34,0.033,0.773
P357790_obverse,obverse,5,5,0,0.8,0.545,44,0.026,0.773
P359253_obverse,obverse,12,12,0,0.75,0.588,51,0.019,0.773
P359300_reverse,reverse,14,14,0,0.571,0.786,14,0.037,0.773
P357343_reverse,reverse,6,6,0,0.667,0.7,20,0.045,0.774
P357438_left,left,3,3,0,0.667,0.667,9,0.012,0.774
P357649_obverse,obverse,17,17,0,0.647,0.728,81,0.053,0.774
P357597_left,left,3,3,0,0.333,1.0,12,0.008,0.775
P358263_reverse,reverse,5,5,0,0.6,0.75,8,0.025,0.775
P358518_reverse,reverse,10,10,0,0.8,0.571,49,0.046,0.775
P358597_obverse,obverse,11,11,0,0.636,0.72,50,0.032,0.775
P359157_obverse,obverse,10,10,0,0.9,0.471,34,0.045,0.775
P359288_obverse,obverse,13,13,0,0.769,0.6,60,0.044,0.775
P359323_left,left,3,3,0,0.333,1.0,5,0.009,0.775
P390675_obverse,obverse,10,10,0,0.6,0.762,21,0.038,0.775
P416511_obverse,obverse,11,,,0.909,0.692,39,0.276,0.775
P333901_obverse,obverse,14,14,0,0.786,0.561,41,0.019,0.776
P357362_left,left,4,4,0,0.75,0.581,43,0.003,0.776
P357793_left,left,3,3,0,0.667,0.667,6,0.006,0.776
P358203_obverse,obverse,10,10,0,0.8,0.609,23,0.082,0.776
P358243_reverse,reverse,9,9,0,0.778,0.571,28,0.022,0.776
P389610_reverse,reverse,6,,,0.833,0.8,15,0.304,0.776
P389657_reverse,reverse,9,,,0.889,0.542,24,0.103,0.776
P260362_obverse,obverse,10,10,0,0.8,0.56,25,0.03,0.777
P333884_reverse,reverse,8,8,0,0.75,0.605,38,0.023,0.777
P359055_obverse,obverse,14,14,0,0.643,0.702,47,0.015,0.777
P368447_reverse,reverse,14,,,0.857,0.57,100,0.097,0.777
P390553_reverse,reverse,3,3,0,0.667,0.667,6,0.003,0.777
P250548_reverse,reverse,9,,,0.889,0.656,32,0.211,0.778
P333888_left,left,2,2,0,0.5,0.833,6,0.0,0.778
P333885_obverse,obverse,24,24,0,0.833,0.58,100,0.08,0.778
P357344_obverse,obverse,11,11,0,0.636,0.733,30,0.037,0.778
P357583_reverse,reverse,9,9,0,0.889,0.476,42,0.032,0.778
P357588_obverse,obverse,17,17,0,0.824,0.593,91,0.082,0.778
P357696_reverse,reverse,21,21,0,0.762,0.62,100,0.047,0.778
P357903_obverse,obverse,9,9,0,0.889,0.483,29,0.036,0.778
P358703_left,left,3,3,0,0.667,0.667,12,0.0,0.778
P359248_reverse,reverse,8,8,0,0.75,0.636,22,0.053,0.778
P359282_left,left,4,4,0,0.75,0.6,15,0.015,0.778
P361143_left,left,2,2,0,1.0,0.333,6,0.0,0.778
P389651_reverse,reverse,5,,,0.8,0.625,8,0.092,0.778
P359198_obverse,obverse,8,8,0,0.875,0.5,20,0.037,0.779
P250564_obverse,obverse,5,,,0.8,0.609,64,0.07,0.78
P260365_left,left,5,5,0,0.8,0.556,9,0.015,0.78
P361054_reverse,reverse,8,8,0,0.75,0.633,30,0.045,0.78
P333917_obverse,obverse,13,13,0,0.923,0.441,59,0.02,0.781
P357566_reverse,reverse,10,10,0,0.8,0.585,41,0.043,0.781
P357657_left,left,4,4,0,0.75,0.609,23,0.015,0.781
P359079_reverse,reverse,15,15,0,0.6,0.786,14,0.042,0.781
P359112_obverse,obverse,11,11,0,0.636,0.727,33,0.02,0.781
P359240_left,left,3,3,0,0.667,0.7,10,0.023,0.781
P361129_left,left,3,3,0,0.667,0.684,19,0.005,0.782
P357655_obverse,obverse,8,8,0,0.625,0.778,27,0.053,0.783
P359348_obverse,obverse,8,8,0,0.875,0.536,28,0.063,0.783
P393106_reverse,reverse,10,10,0,0.4,1.0,7,0.052,0.783
P357411_reverse,reverse,10,10,0,0.6,0.792,24,0.041,0.784
P357568_obverse,obverse,15,15,0,0.8,0.625,48,0.072,0.784
P359232_obverse,obverse,5,5,0,0.6,0.769,13,0.018,0.784
P389611_obverse,obverse,12,,,0.917,0.487,39,0.053,0.784
P357503_left,left,3,3,0,0.667,0.688,16,0.0,0.785
P260366_obverse,obverse,8,8,0,0.625,0.765,17,0.032,0.786
P357444_obverse,obverse,8,8,0,0.75,0.654,26,0.046,0.786
P359124_obverse,obverse,10,10,0,0.9,0.5,54,0.043,0.786
P359286_reverse,reverse,7,7,0,0.857,0.559,34,0.057,0.786
P389657_obverse,obverse,8,,,1.0,0.395,38,0.037,0.786
P250568_obverse,obverse,8,,,0.875,0.694,36,0.209,0.787
P361137_obverse,obverse,10,10,0,0.6,0.833,18,0.072,0.787
P260383_obverse,obverse,7,7,0,0.857,0.562,16,0.056,0.788
P358562_obverse,obverse,19,19,0,0.737,0.667,75,0.041,0.788
P358584_obverse,obverse,22,22,0,0.727,0.67,100,0.034,0.788
P359173_reverse,reverse,5,5,0,0.8,0.6,5,0.036,0.788
P357687_obverse,obverse,5,5,0,0.6,,4,0.022,0.789
P358211_left,left,5,5,0,0.6,,2,0.022,0.789
P358289_obverse,obverse,5,5,0,0.6,,2,0.022,0.789
P359166_obverse,obverse,8,8,0,0.75,0.667,18,0.05,0.789
P359331_reverse,reverse,10,10,0,0.9,0.5,10,0.033,0.789
P393107_reverse,reverse,8,8,0,0.875,0.524,21,0.028,0.79
P357403_obverse,obverse,11,11,0,0.727,0.667,51,0.022,0.791
P357531_reverse,reverse,17,17,0,0.706,0.714,56,0.048,0.791
P357589_obverse,obverse,13,13,0,0.923,0.532,79,0.083,0.791
P357635_left,left,4,4,0,0.75,0.647,17,0.023,0.791
P357649_left,left,3,3,0,0.667,0.719,32,0.014,0.791
P359311_obverse,obverse,7,7,0,0.857,0.529,34,0.014,0.791
P357517_left,left,2,2,0,0.5,0.875,8,0.0,0.792
P357561_left,left,2,2,0,1.0,0.375,8,0.0,0.792
P359272_left,left,2,2,0,0.5,0.875,8,0.0,0.792
P333892_reverse,reverse,14,14,0,0.786,0.65,100,0.058,0.793
P357391_obverse,obverse,6,6,0,0.667,0.75,12,0.039,0.793
P333898_obverse,obverse,13,13,0,0.692,0.778,63,0.089,0.794
P358198_left,left,3,3,0,0.667,0.714,7,0.0,0.794
P358220_obverse,obverse,10,10,0,0.7,0.737,19,0.056,0.794
P358570_left,left,5,5,0,0.6,,4,0.012,0.794
P359058_left,left,5,5,0,0.8,0.593,59,0.012,0.794
P359336_obverse,obverse,5,5,0,0.6,,2,0.012,0.794
P359372_obverse,obverse,6,6,0,0.833,0.571,14,0.023,0.794
P359226_reverse,reverse,4,4,0,1.0,0.4,15,0.014,0.795
P361301_obverse,obverse,15,15,0,0.867,0.569,72,0.052,0.795
P357492_reverse,reverse,15,15,0,0.8,0.641,78,0.054,0.796
P357739_reverse,reverse,6,6,0,0.833,0.593,27,0.039,0.796
P357743_reverse,reverse,8,8,0,0.875,0.571,7,0.059,0.796
P357977_reverse,reverse,5,5,0,0.6,,4,0.008,0.796
P358030_left,left,2,2,0,0.5,0.889,9,0.0,0.796
P359131_left,left,3,3,0,0.667,0.727,11,0.006,0.796
P361693_obverse,obverse,14,14,0,0.786,0.663,83,0.061,0.796
P250575_reverse,reverse,12,,,0.917,0.608,79,0.133,0.797
P357550_obverse,obverse,6,6,0,0.833,0.6,15,0.043,0.797
P359094_left,left,3,3,0,0.667,0.727,11,0.0,0.798
P359187_reverse,reverse,4,4,0,0.75,0.667,9,0.023,0.798
P389624_obverse,obverse,8,,,0.875,0.594,32,0.076,0.798
P333919_obverse,obverse,7,7,0,0.857,0.571,14,0.032,0.799
P358409_obverse,obverse,12,12,0,0.833,0.611,54,0.049,0.799
P358464_obverse,obverse,7,7,0,0.857,0.568,37,0.027,0.799
P358599_left,left,3,3,0,0.667,0.75,16,0.019,0.799
P359094_obverse,obverse,11,11,0,0.727,0.717,46,0.047,0.799
P357599_reverse,reverse,6,6,0,1.0,0.421,19,0.022,0.8
P358223_left,left,2,2,0,1.0,0.4,5,0.0,0.8
P359289_obverse,obverse,16,16,0,0.812,0.656,93,0.07,0.8
P361614_obverse,obverse,9,9,0,0.778,0.667,33,0.044,0.8
P260365_obverse,obverse,15,15,0,0.733,0.698,43,0.028,0.801
P357416_left,left,6,6,0,0.667,0.735,34,0.0,0.801
P359328_reverse,reverse,16,16,0,0.875,0.557,97,0.03,0.801
P357364_left,left,4,4,0,0.75,0.66,100,0.004,0.802
P359314_left,left,3,3,0,0.667,0.769,13,0.031,0.802
P260366_reverse,reverse,3,3,0,0.667,0.75,8,0.009,0.803
P359205_left,left,3,3,0,0.667,0.75,8,0.008,0.803
P359269_reverse,reverse,3,3,0,0.667,0.75,8,0.006,0.803
P359379_left,left,2,2,0,0.5,0.909,11,0.0,0.803
P389624_reverse,reverse,7,,,0.857,0.6,20,0.044,0.804
P358495_reverse,reverse,15,15,0,0.867,0.591,88,0.043,0.805
P359171_obverse,obverse,7,7,0,0.857,0.571,21,0.013,0.805
P357829_reverse,reverse,12,12,0,0.917,0.559,68,0.058,0.806
P357923_obverse,obverse,5,5,0,0.8,0.625,8,0.006,0.806
P359244_reverse,reverse,7,7,0,0.571,0.875,8,0.027,0.806
P359303_left,left,3,3,0,0.667,0.75,8,0.0,0.806
P359304_reverse,reverse,7,7,0,0.714,0.722,36,0.017,0.806
P359357_obverse,obverse,5,5,0,0.6,0.833,6,0.017,0.806
P250560_obverse,obverse,8,,,0.875,0.75,40,0.203,0.807
P359965_left,left,3,3,0,0.667,0.792,24,0.036,0.807
P361080_obverse,obverse,6,6,0,0.833,0.636,22,0.048,0.807
P361158_obverse,obverse,6,6,0,0.833,0.6,10,0.011,0.807
P357776_reverse,reverse,21,21,0,0.857,0.62,100,0.052,0.808
P358500_reverse,reverse,7,7,0,0.857,0.591,22,0.023,0.808
P333927_reverse,reverse,5,5,0,0.8,0.652,23,0.026,0.809
P393097_reverse,reverse,9,9,0,0.778,0.679,28,0.03,0.809
P358203_reverse,reverse,9,9,0,0.889,0.588,17,0.043,0.811
P361051_obverse,obverse,9,9,0,0.889,0.583,24,0.038,0.811
P272900_reverse,reverse,7,7,0,0.714,0.75,24,0.029,0.812
P357813_reverse,reverse,5,5,0,0.8,0.649,37,0.013,0.812
P358207_obverse,obverse,15,15,0,0.8,0.696,56,0.062,0.812
P358597_reverse,reverse,5,5,0,0.8,0.667,30,0.031,0.812
P368424_reverse,reverse,8,8,0,1.0,0.474,38,0.038,0.812
P333901_left,left,4,4,0,0.75,0.714,14,0.026,0.813
P357830_reverse,reverse,10,10,0,0.7,0.789,38,0.048,0.814
P359046_left,left,3,3,0,0.667,,2,0.036,0.815
P357376_reverse,reverse,16,16,0,0.938,0.526,57,0.017,0.816
P358275_obverse,obverse,6,6,0,0.833,0.652,23,0.039,0.816
P359131_obverse,obverse,5,5,0,0.6,0.875,8,0.028,0.816
P361566_left,left,3,3,0,0.667,0.8,15,0.018,0.816
P250574_reverse,reverse,10,,,0.9,0.795,39,0.244,0.817
P357674_left,left,3,3,0,0.667,0.8,10,0.016,0.817
P358030_obverse,obverse,15,15,0,0.867,0.63,100,0.047,0.817
P358500_obverse,obverse,6,6,0,0.667,0.833,24,0.049,0.817
P358577_obverse,obverse,13,13,0,0.846,0.648,91,0.044,0.817
P359121_reverse,reverse,3,3,0,0.667,,2,0.033,0.817
P357430_left,left,4,4,0,0.5,0.968,31,0.015,0.818
P361149_obverse,obverse,9,9,0,0.889,0.591,22,0.026,0.818
P333893_left,left,3,3,0,0.667,0.789,19,0.0,0.819
P359277_left,left,4,4,0,0.75,0.733,15,0.026,0.819
P359334_left,left,3,3,0,0.667,0.8,5,0.011,0.819
P250565_reverse,reverse,14,,,0.857,0.757,37,0.155,0.82
P357607_left,left,4,4,0,0.75,0.75,12,0.041,0.82
P357665_left,left,3,3,0,0.667,0.811,37,0.017,0.82
P361117_left,left,5,5,0,0.6,0.872,47,0.011,0.82
P358285_reverse,reverse,5,,,,,0,0.179,0.821
P359949_right,right,3,3,0,0.667,,2,0.024,0.821
P359262_reverse,reverse,6,6,0,0.833,0.682,22,0.05,0.822
P361160_obverse,obverse,11,11,0,0.727,0.792,24,0.054,0.822
P359243_left,left,3,3,0,0.667,,4,0.021,0.823
P393096_obverse,obverse,6,6,0,1.0,0.483,29,0.015,0.823
P250568_reverse,reverse,7,,,0.857,0.676,37,0.061,0.824
P358536_left,left,4,4,0,0.75,0.75,24,0.027,0.824
P359077_left,left,4,4,0,0.75,0.739,23,0.017,0.824
P359092_obverse,obverse,10,10,0,0.9,0.612,49,0.04,0.824
P359315_left,left,3,3,0,0.667,,3,0.017,0.825
P361041_left,left,3,3,0,0.667,,3,0.017,0.825
P361087_left,left,3,3,0,0.667,,2,0.016,0.825
P390552_left,left,4,4,0,0.75,0.75,8,0.024,0.825
P359180_left,left,3,3,0,0.667,0.818,11,0.007,0.826
P368447_obverse,obverse,14,,,0.929,0.64,100,0.09,0.826
P260363_reverse,reverse,16,16,0,0.75,0.75,68,0.02,0.827
P333926_left,left,3,3,0,0.667,,4,0.011,0.828
P358231_reverse,reverse,10,10,0,0.9,0.625,24,0.04,0.828
P359092_left,left,3,3,0,0.667,,4,0.011,0.828
P358277_reverse,reverse,3,3,0,0.667,,3,0.008,0.829
P359192_reverse,reverse,7,7,0,1.0,0.528,36,0.042,0.829
P393106_obverse,obverse,9,9,0,0.778,0.75,24,0.041,0.829
P250566_obverse,obverse,5,,,0.8,1.0,12,0.309,0.83
P333940_obverse,obverse,8,8,0,0.75,0.789,19,0.049,0.83
P357547_left,left,3,3,0,0.667,0.833,6,0.011,0.83
P359100_left,left,3,3,0,0.667,,3,0.006,0.83
P361042_left,left,3,3,0,1.0,0.5,6,0.01,0.83
P358461_obverse,obverse,7,7,0,0.857,0.657,35,0.021,0.831
P359294_left,left,4,4,0,0.5,1.0,9,0.008,0.831
P359342_left,left,4,4,0,0.5,1.0,6,0.006,0.831
P357805_reverse,reverse,4,4,0,0.75,0.75,16,0.005,0.832
P357936_obverse,obverse,13,13,0,0.769,0.757,37,0.03,0.832
P358724_left,left,3,3,0,0.667,0.857,7,0.027,0.832
P333889_left,left,3,3,0,0.667,,4,0.0,0.833
P357531_left,left,2,2,0,1.0,0.5,14,0.0,0.833
P357568_left,left,2,2,0,0.5,1.0,18,0.0,0.833
P357593_left,left,2,2,0,0.5,1.0,10,0.0,0.833
P358587_reverse,reverse,2,2,0,1.0,0.5,6,0.0,0.833
P359139_left,left,2,2,0,0.5,1.0,9,0.0,0.833
P359289_left,left,4,4,0,0.75,0.765,34,0.014,0.833
P359318_left,left,2,2,0,0.5,1.0,6,0.0,0.833
P359375_reverse,reverse,4,4,0,0.75,0.765,17,0.016,0.833
P359950_left,left,2,2,0,0.5,1.0,7,0.0,0.833
P393109_left,left,3,3,0,0.667,,4,0.0,0.833
P250548_obverse,obverse,11,,,0.909,0.818,33,0.225,0.834
P333935_left,left,4,4,0,0.75,0.769,13,0.017,0.834
P357800_reverse,reverse,9,9,0,0.889,0.643,42,0.028,0.835
P359287_reverse,reverse,14,14,0,0.929,0.629,62,0.051,0.835
P333920_obverse,obverse,7,7,0,0.714,,4,0.036,0.839
P357530_left,left,4,4,0,0.75,0.783,23,0.016,0.839
P359355_reverse,reverse,3,,,,,0,0.161,0.839
P361185_obverse,obverse,5,5,0,1.0,0.533,15,0.016,0.839
P361164_reverse,reverse,3,3,0,0.667,0.857,7,0.005,0.84
P357560_reverse,reverse,7,7,0,0.857,0.7,40,0.035,0.841
P358219_obverse,obverse,16,16,0,0.875,0.689,90,0.042,0.841
P359102_left,left,3,3,0,0.667,0.875,8,0.02,0.841
P359265_left,left,3,3,0,0.667,0.857,7,0.0,0.841
P359294_reverse,reverse,14,14,0,0.857,0.729,48,0.064,0.841
P359372_reverse,reverse,6,6,0,0.833,0.706,17,0.015,0.841
P358445_reverse,reverse,6,6,0,0.833,0.714,28,0.021,0.842
P359264_obverse,obverse,8,8,0,0.875,0.7,20,0.049,0.842
P357949_left,left,4,4,0,0.75,0.8,5,0.021,0.843
P359120_obverse,obverse,8,8,0,1.0,0.571,42,0.044,0.843
P359223_obverse,obverse,4,4,0,0.75,0.833,12,0.055,0.843
P359265_obverse,obverse,9,9,0,0.889,0.688,16,0.049,0.843
P359285_left,left,3,3,0,0.667,0.875,8,0.01,0.844
P361119_left,left,3,3,0,0.667,0.875,8,0.008,0.844
P333937_reverse,reverse,6,,,,,0,0.155,0.845
P357554_reverse,reverse,7,7,0,0.714,0.857,21,0.038,0.845
P389672_obverse,obverse,6,,,1.0,0.571,28,0.037,0.845
P359070_left,left,5,5,0,0.8,0.776,67,0.038,0.846
P389595_obverse,obverse,2,,,1.0,0.538,65,0.0,0.846
P358425_obverse,obverse,11,11,0,0.909,0.654,52,0.022,0.847
P357345_obverse,obverse,12,12,0,0.917,0.688,64,0.056,0.849
P359106_reverse,reverse,8,8,0,0.75,0.818,22,0.017,0.85
P357693_left,left,3,3,0,0.667,0.909,11,0.024,0.851
P358262_reverse,reverse,7,7,0,0.857,0.737,19,0.04,0.851
P359034_left,left,4,4,0,0.75,,3,0.048,0.851
P359211_reverse,reverse,8,8,0,0.875,0.714,21,0.033,0.852
P405529_obverse,obverse,6,,,1.0,0.857,14,0.301,0.852
P333906_obverse,obverse,14,14,0,0.857,0.787,89,0.084,0.853
P357495_reverse,reverse,7,7,0,0.714,0.857,7,0.013,0.853
P358545_left,left,4,4,0,0.75,,4,0.044,0.853
P359044_obverse,obverse,11,11,0,0.909,0.69,42,0.04,0.853
P359241_reverse,reverse,8,,,0.875,0.833,18,0.15,0.853
P261866_obverse,obverse,11,11,0,0.909,0.706,17,0.052,0.854
P250567_obverse,obverse,12,,,0.833,0.821,56,0.09,0.855
P357560_obverse,obverse,7,7,0,0.857,0.727,33,0.02,0.855
P389670_obverse,obverse,8,,,,,1,0.145,0.855
P359040_obverse,obverse,9,9,0,1.0,0.596,52,0.027,0.856
P357370_reverse,reverse,4,4,0,0.75,,4,0.035,0.857
P357763_obverse,obverse,5,5,0,0.8,0.8,25,0.029,0.857
P359395_reverse,reverse,3,,,,,0,0.143,0.857
P361123_left,left,2,2,0,1.0,0.571,7,0.0,0.857
P359064_reverse,reverse,16,16,0,0.812,0.821,56,0.061,0.858
P359177_left,left,4,4,0,0.75,0.833,6,0.01,0.858
P357554_obverse,obverse,5,5,0,0.8,0.812,16,0.036,0.859
P358207_reverse,reverse,10,10,0,1.0,0.609,46,0.031,0.859
P359061_obverse,obverse,21,21,0,0.81,0.791,67,0.022,0.859
P359276_left,left,3,3,0,0.667,0.917,12,0.007,0.859
P359165_obverse,obverse,3,3,0,1.0,0.583,12,0.005,0.86
P361122_left,left,5,5,0,0.6,1.0,12,0.019,0.86
P357439_reverse,reverse,6,6,0,0.833,0.771,35,0.02,0.862
P357682_left,left,2,2,0,1.0,0.586,29,0.0,0.862
P359347_reverse,reverse,3,,,,,0,0.138,0.862
P358572_left,left,4,4,0,0.75,0.857,7,0.018,0.863
P357662_reverse,reverse,9,9,0,0.778,0.867,15,0.053,0.864
P361054_obverse,obverse,6,6,0,0.833,0.778,27,0.02,0.864
P359191_reverse,reverse,3,3,0,1.0,0.6,10,0.006,0.865
P333890_left,left,2,2,0,1.0,0.6,5,0.0,0.867
P333940_reverse,reverse,2,2,0,1.0,0.6,5,0.0,0.867
P359054_left,left,2,2,0,1.0,0.6,10,0.0,0.867
P359336_left,left,2,2,0,1.0,0.6,10,0.0,0.867
P390572_left,left,2,2,0,1.0,0.6,5,0.0,0.867
P393099_left,left,2,2,0,1.0,0.6,5,0.0,0.867
P393104_obverse,obverse,4,4,0,0.75,,4,0.015,0.868
P357964_left,left,4,4,0,0.75,,3,0.011,0.869
P359171_reverse,reverse,5,5,0,0.8,0.818,11,0.013,0.869
P333942_reverse,reverse,11,11,0,0.909,0.744,43,0.042,0.87
P359197_obverse,obverse,9,9,0,0.889,0.75,36,0.029,0.87
P359963_obverse,obverse,7,7,0,1.0,0.64,25,0.03,0.87
P405519_obverse,obverse,4,4,0,0.75,,3,0.009,0.87
P254027_obverse,obverse,7,,,,,1,0.129,0.871
P361116_obverse,obverse,12,12,0,0.917,0.763,59,0.065,0.872
P358276_obverse,obverse,7,7,0,0.857,0.8,20,0.037,0.874
P359079_left,left,4,4,0,0.75,,3,0.0,0.875
P272900_obverse,obverse,9,9,0,0.889,0.778,45,0.039,0.876
P357826_reverse,reverse,9,9,0,0.778,0.882,17,0.031,0.876
P359972_left,left,4,4,0,0.75,0.889,9,0.011,0.876
P359390_obverse,obverse,7,7,0,0.857,0.8,5,0.025,0.877
P272899_reverse,reverse,11,11,0,0.909,0.788,52,0.064,0.878
P358509_left,left,2,2,0,1.0,0.636,11,0.0,0.879
P359951_left,left,3,3,0,0.667,1.0,5,0.023,0.881
P361616_obverse,obverse,8,8,0,1.0,0.66,53,0.019,0.881
P389654_reverse,reverse,9,,,,,0,0.119,0.881
P357396_obverse,obverse,9,9,0,0.667,1.0,12,0.02,0.882
P359272_reverse,reverse,13,13,0,0.923,0.75,48,0.026,0.882
P359173_obverse,obverse,11,11,0,0.818,0.889,18,0.056,0.884
P361145_reverse,reverse,8,8,0,0.875,0.8,20,0.022,0.884
P390549_left,left,3,3,0,1.0,0.667,6,0.01,0.886
P357698_left,left,2,2,0,1.0,0.667,6,0.0,0.889
P358254_left,left,2,2,0,1.0,0.667,6,0.0,0.889
P358327_reverse,reverse,3,3,0,0.667,1.0,6,0.0,0.889
P359174_left,left,3,3,0,0.667,1.0,6,0.0,0.889
P359954_right,right,2,2,0,1.0,0.667,9,0.0,0.889
P358220_reverse,reverse,5,5,0,0.8,,3,0.021,0.89
P357803_reverse,reverse,10,10,0,0.8,0.929,14,0.055,0.891
P358244_obverse,obverse,4,4,0,1.0,0.735,34,0.044,0.897
P360999_reverse,reverse,15,15,0,0.867,0.848,46,0.023,0.897
P393098_obverse,obverse,5,5,0,1.0,0.706,17,0.016,0.897
P361147_obverse,obverse,5,5,0,1.0,0.714,14,0.02,0.898
P357404_obverse,obverse,4,4,0,0.75,1.0,6,0.051,0.9
P357508_reverse,reverse,10,10,0,0.9,0.875,48,0.072,0.901
P357777_left,left,6,6,0,1.0,0.73,37,0.02,0.903
P389664_obverse,obverse,6,,,1.0,0.786,14,0.077,0.903
P358462_obverse,obverse,8,8,0,0.875,0.905,42,0.064,0.905
P358467_left,left,2,2,0,1.0,0.714,7,0.0,0.905
P359948_reverse,reverse,6,6,0,1.0,0.733,15,0.018,0.905
P359941_obverse,obverse,8,8,0,1.0,0.735,34,0.014,0.907
P361050_reverse,reverse,6,6,0,0.833,0.917,12,0.026,0.908
P357540_reverse,reverse,3,,,,,1,0.091,0.909
P360780_left,left,4,4,0,0.75,1.0,6,0.022,0.909
P389545_obverse,obverse,11,,,,,0,0.09,0.91
P359396_obverse,obverse,7,7,0,0.857,0.9,20,0.02,0.912
P359195_reverse,reverse,7,7,0,1.0,0.806,36,0.062,0.914
P359251_left,left,4,4,0,1.0,0.75,12,0.007,0.914
P359396_reverse,reverse,3,,,,,0,0.084,0.916
P359218_obverse,obverse,5,5,0,1.0,0.769,13,0.017,0.917
P357738_reverse,reverse,4,,,,,0,0.081,0.919
P357532_left,left,2,2,0,1.0,0.778,9,0.0,0.926
P357543_left,left,4,4,0,1.0,0.792,48,0.012,0.926
P359079_obverse,obverse,14,14,0,1.0,0.829,35,0.052,0.926
P357897_reverse,reverse,6,6,0,,,0,0.073,0.927
P359172_reverse,reverse,8,8,0,1.0,0.812,16,0.029,0.928
P359288_reverse,reverse,12,12,0,0.917,0.889,45,0.023,0.928
P389584_reverse,reverse,3,,,,,0,0.072,0.928
P357936_reverse,reverse,3,,,,,0,0.068,0.932
P333920_reverse,reverse,9,9,0,,,0,0.067,0.933
P357782_left,left,2,2,0,1.0,0.8,10,0.0,0.933
P358221_left,left,2,2,0,1.0,0.8,5,0.0,0.933
P359329_left,left,2,2,0,1.0,0.8,10,0.0,0.933
P360975_obverse,obverse,11,11,0,0.909,0.949,59,0.053,0.935
P357974_obverse,obverse,7,7,0,,,0,0.064,0.936
P359275_reverse,reverse,4,4,0,,,0,0.057,0.943
P357595_left,left,2,2,0,1.0,0.833,6,0.0,0.944
P359090_obverse,obverse,9,9,0,1.0,0.862,29,0.024,0.946
P333944_obverse,obverse,16,16,0,,,0,0.053,0.947
P357641_reverse,reverse,12,12,0,,,0,0.052,0.948
P358260_left,left,3,3,0,1.0,0.875,8,0.026,0.95
P359105_reverse,reverse,8,8,0,,,1,0.049,0.951
P359332_obverse,obverse,14,14,0,,,1,0.049,0.951
P358249_reverse,reverse,5,5,0,,,1,0.048,0.952
P358227_reverse,reverse,9,9,0,,,0,0.047,0.953
P359158_reverse,reverse,6,6,0,,,0,0.047,0.953
P359144_obverse,obverse,3,,,1.0,0.875,8,0.012,0.954
P357763_reverse,reverse,11,11,0,,,0,0.043,0.957
P358215_left,left,2,2,0,1.0,0.875,8,0.0,0.958
P359343_obverse,obverse,11,11,0,,,0,0.041,0.959
P361121_obverse,obverse,22,22,0,,,0,0.041,0.959
P357928_obverse,obverse,5,5,0,,,0,0.04,0.96
P359071_obverse,obverse,17,17,0,,,0,0.04,0.96
P359246_obverse,obverse,11,11,0,,,1,0.04,0.96
P359393_obverse,obverse,8,8,0,,,1,0.04,0.96
P357932_reverse,reverse,12,12,0,,,1,0.038,0.962
P357604_left,left,2,2,0,1.0,0.889,9,0.0,0.963
P358566_left,left,3,3,0,1.0,0.917,12,0.027,0.963
P359367_obverse,obverse,10,10,0,,,0,0.037,0.963
P389558_reverse,reverse,4,,,,,1,0.037,0.963
P359057_left,left,4,4,0,1.0,0.911,45,0.019,0.964
P359222_obverse,obverse,6,6,0,1.0,0.9,10,0.008,0.964
P359253_reverse,reverse,12,12,0,,,0,0.036,0.964
P357709_reverse,reverse,9,9,0,,,0,0.035,0.965
P357535_left,left,3,3,0,,,1,0.034,0.966
P359134_reverse,reverse,12,12,0,,,0,0.034,0.966
P359937_right,right,7,7,0,,,0,0.034,0.966
P357733_left,left,4,4,0,,,1,0.033,0.967
P359141_left,left,2,2,0,1.0,0.9,10,0.0,0.967
P359973_reverse,reverse,10,10,0,,,0,0.033,0.967
P359239_left,left,4,4,0,,,1,0.032,0.968
P359311_reverse,reverse,11,11,0,,,0,0.032,0.968
P358284_reverse,reverse,7,7,0,,,0,0.031,0.969
P359243_reverse,reverse,12,12,0,,,0,0.031,0.969
P361140_left,left,3,3,0,,,0,0.031,0.969
P357757_left,left,5,5,0,,,0,0.03,0.97
P357938_reverse,reverse,12,12,0,,,0,0.03,0.97
P359186_obverse,obverse,10,10,0,,,0,0.03,0.97
P333902_left,left,3,3,0,,,1,0.029,0.971
P359170_reverse,reverse,10,10,0,,,1,0.029,0.971
P359190_obverse,obverse,11,11,0,,,0,0.029,0.971
P359936_reverse,reverse,12,12,0,,,1,0.029,0.971
P359973_right,right,3,3,0,,,0,0.029,0.971
P361176_reverse,reverse,6,6,0,,,1,0.029,0.971
P358205_reverse,reverse,6,6,0,,,1,0.028,0.972
P357821_reverse,reverse,14,14,0,,,0,0.027,0.973
P358249_obverse,obverse,6,6,0,,,0,0.027,0.973
P358268_reverse,reverse,3,3,0,,,0,0.027,0.973
P359199_left,left,3,3,0,,,0,0.027,0.973
P357899_left,left,6,6,0,,,0,0.026,0.974
P359324_obverse,obverse,11,11,0,,,0,0.026,0.974
P359309_obverse,obverse,13,13,0,,,1,0.025,0.975
P359947_left,left,3,3,0,,,0,0.025,0.975
P333925_reverse,reverse,11,11,0,,,0,0.024,0.976
P357444_reverse,reverse,5,5,0,,,0,0.024,0.976
P359399_obverse,obverse,5,5,0,,,1,0.024,0.976
P358227_left,left,3,3,0,,,0,0.023,0.977
P358716_left,left,3,3,0,,,0,0.023,0.977
P357978_obverse,obverse,11,11,0,,,0,0.022,0.978
P358256_left,left,3,3,0,,,0,0.022,0.978
P359249_left,left,3,3,0,,,1,0.022,0.978
P260352_reverse,reverse,7,7,0,,,1,0.021,0.979
P332983_left,left,3,3,0,1.0,0.947,19,0.011,0.979
P359170_left,left,4,4,0,,,0,0.021,0.979
P359389_obverse,obverse,6,6,0,,,0,0.021,0.979
P359938_left,left,3,3,0,,,0,0.021,0.979
P361175_obverse,obverse,4,4,0,,,1,0.021,0.979
P359946_left,left,5,5,0,,,1,0.02,0.98
P357976_left,left,4,4,0,,,0,0.019,0.981
P359061_left,left,5,5,0,,,1,0.019,0.981
P359224_reverse,reverse,7,7,0,,,0,0.019,0.981
P359345_left,left,3,3,0,,,0,0.019,0.981
P359969_left,left,4,4,0,,,0,0.019,0.981
P357939_obverse,obverse,7,7,0,,,0,0.018,0.982
P358212_left,left,3,3,0,,,0,0.017,0.983
P358269_obverse,obverse,5,5,0,,,1,0.016,0.984
P359240_obverse,obverse,12,12,0,,,0,0.015,0.985
P359976_left,left,3,3,0,,,1,0.015,0.985
P359066_left,left,3,3,0,,,1,0.014,0.986
P359343_left,left,4,4,0,,,0,0.014,0.986
P357498_left,left,3,3,0,,,1,0.013,0.987
P358225_left,left,4,4,0,,,1,0.013,0.987
P358626_reverse,reverse,6,6,0,1.0,0.971,34,0.01,0.987
P359189_left,left,3,3,0,,,0,0.013,0.987
P359221_reverse,reverse,6,6,0,,,0,0.013,0.987
P359256_reverse,reverse,4,4,0,,,0,0.013,0.987
P358321_left,left,4,4,0,,,1,0.012,0.988
P359145_left,left,3,3,0,,,1,0.012,0.988
P359221_obverse,obverse,6,6,0,,,0,0.012,0.988
P359228_reverse,reverse,3,3,0,,,1,0.012,0.988
P359261_reverse,reverse,7,7,0,,,1,0.012,0.988
P361563_left,left,3,3,0,,,0,0.012,0.988
P390558_left,left,3,3,0,,,1,0.012,0.988
P333936_left,left,3,3,0,,,0,0.011,0.989
P358271_left,left,3,3,0,,,1,0.01,0.99
P361171_left,left,4,4,0,,,0,0.01,0.99
P361564_left,left,3,3,0,,,0,0.01,0.99
P361091_left,left,3,3,0,,,1,0.009,0.991
P361138_left,left,3,3,0,,,0,0.009,0.991
P358190_left,left,3,3,0,,,1,0.008,0.992
P359393_reverse,reverse,5,5,0,,,1,0.008,0.992
P260364_left,left,4,4,0,,,0,0.007,0.993
P359232_reverse,reverse,4,4,0,1.0,,4,0.014,0.993
P359362_reverse,reverse,4,4,0,1.0,1.0,12,0.022,0.993
P359266_left,left,3,3,0,,,1,0.006,0.994
P361137_left,left,3,3,0,,,0,0.006,0.994
P390557_left,left,3,3,0,1.0,,3,0.012,0.994
P358230_obverse,obverse,3,3,0,,,0,0.005,0.995
P361175_left,left,3,3,0,,,0,0.005,0.995
P260384_left,left,3,3,0,,,1,0.004,0.996
P358269_reverse,reverse,3,,,,,0,0.004,0.996
P393099_obverse,obverse,5,5,0,,,1,0.004,0.996
P358614_left,left,3,3,0,1.0,1.0,12,0.01,0.997
P332982_left,left,2,2,0,,,1,0.0,1.0
P333939_left,left,2,2,0,,,1,0.0,1.0
P333945_reverse,reverse,2,,,,,0,0.0,1.0
P357372_left,left,2,2,0,1.0,1.0,6,0.0,1.0
P357376_left,left,2,2,0,,,1,0.0,1.0
P357379_left,left,2,2,0,,,1,0.0,1.0
P357381_left,left,2,2,0,,,1,0.0,1.0
P357414_reverse,reverse,2,2,0,,,1,0.0,1.0
P357522_left,left,2,2,0,1.0,,3,0.0,1.0
P357525_left,left,2,2,0,1.0,1.0,5,0.0,1.0
P357535_reverse,reverse,2,2,0,,,0,0.0,1.0
P357580_left,left,2,2,0,1.0,1.0,5,0.0,1.0
P357598_left,left,2,2,0,,,1,0.0,1.0
P357618_left,left,2,2,0,1.0,,3,0.0,1.0
P357663_left,left,3,3,0,,,1,0.0,1.0
P357688_obverse,obverse,2,2,0,1.0,1.0,13,0.0,1.0
P357692_reverse,reverse,2,,,,,0,0.0,1.0
P357688_reverse,reverse,2,,,,,0,0.0,1.0
P357697_obverse,obverse,2,2,0,,,0,0.0,1.0
P357723_left,left,2,2,0,1.0,1.0,7,0.0,1.0
P357715_reverse,reverse,4,4,0,,,0,0.0,1.0
P357759_left,left,2,2,0,,,0,0.0,1.0
P357776_left,left,2,2,0,1.0,,3,0.0,1.0
P357798_left,left,2,2,0,1.0,,4,0.0,1.0
P357815_left,left,2,2,0,,,1,0.0,1.0
P357836_left,left,2,2,0,1.0,1.0,7,0.0,1.0
P357914_left,left,2,2,0,,,0,0.0,1.0
P357937_left,left,2,2,0,1.0,,3,0.0,1.0
P357938_left,left,2,2,0,,,0,0.0,1.0
P357950_obverse,obverse,2,2,0,,,0,0.0,1.0
P358199_left,left,2,2,0,,,1,0.0,1.0
P358210_left,left,2,2,0,,,1,0.0,1.0
P358224_left,left,4,4,0,,,1,0.0,1.0
P358247_left,left,2,2,0,1.0,,4,0.0,1.0
P358247_obverse,obverse,2,2,0,,,0,0.0,1.0
P358251_reverse,reverse,2,2,0,,,0,0.0,1.0
P358255_reverse,reverse,2,2,0,,,1,0.0,1.0
P358266_left,left,2,2,0,,,0,0.0,1.0
P358272_left,left,2,2,0,1.0,,3,0.0,1.0
P358517_left,left,2,2,0,1.0,1.0,6,0.0,1.0
P358525_left,left,2,2,0,,,1,0.0,1.0
P358547_left,left,2,2,0,,,0,0.0,1.0
P358668_left,left,2,2,0,,,1,0.0,1.0
P358694_left,left,3,3,0,,,0,0.0,1.0
P359083_reverse,reverse,19,19,0,,,0,0.0,1.0
P359091_left,left,2,2,0,1.0,1.0,7,0.0,1.0
P359097_left,left,2,2,0,,,1,0.0,1.0
P359117_left,left,2,2,0,,,1,0.0,1.0
P359120_left,left,2,2,0,1.0,1.0,6,0.0,1.0
P359113_obverse,obverse,2,2,0,,,0,0.0,1.0
P359126_left,left,2,2,0,,,0,0.0,1.0
P359137_left,left,2,2,0,1.0,1.0,7,0.0,1.0
P359175_reverse,reverse,3,3,0,,,1,0.0,1.0
P359184_left,left,2,2,0,,,0,0.0,1.0
P359190_left,left,2,2,0,,,0,0.0,1.0
P359190_right,right,2,2,0,,,1,0.0,1.0
P359208_left,left,2,2,0,1.0,,2,0.0,1.0
P359270_left,left,2,2,0,,,0,0.0,1.0
P359300_left,left,4,4,0,,,0,0.0,1.0
P359316_left,left,2,2,0,1.0,1.0,6,0.0,1.0
P359347_obverse,obverse,2,2,0,,,1,0.0,1.0
P359365_reverse,reverse,2,2,0,,,1,0.0,1.0
P359367_left,left,2,2,0,,,0,0.0,1.0
P359368_left,left,2,2,0,,,1,0.0,1.0
P359364_reverse,reverse,2,,,,,0,0.0,1.0
P359377_obverse,obverse,7,7,0,,,0,0.0,1.0
P359389_reverse,reverse,5,5,0,,,1,0.0,1.0
P359391_left,left,3,3,0,1.0,1.0,9,0.0,1.0
P359935_left,left,3,3,0,,,0,0.0,1.0
P359941_right,right,2,2,0,1.0,,2,0.0,1.0
P359937_left,left,2,2,0,,,0,0.0,1.0
P359946_right,right,2,2,0,1.0,,4,0.0,1.0
P359966_left,left,3,3,0,,,0,0.0,1.0
P359968_right,right,2,2,0,,,0,0.0,1.0
P359967_reverse,reverse,2,2,0,,,0,0.0,1.0
P359975_right,right,2,2,0,,,0,0.0,1.0
P361049_reverse,reverse,2,,,,,0,0.0,1.0
P361051_reverse,reverse,2,2,0,,,0,0.0,1.0
P361057_reverse,reverse,2,,,,,0,0.0,1.0
P361088_left,left,2,2,0,,,1,0.0,1.0
P361097_left,left,2,2,0,,,0,0.0,1.0
P361126_left,left,2,2,0,,,0,0.0,1.0
P361135_left,left,2,2,0,1.0,,4,0.0,1.0
P361153_left,left,8,8,0,,,1,0.0,1.0
P361148_obverse,obverse,2,2,0,1.0,,3,0.0,1.0
P361155_left,left,2,2,0,1.0,,2,0.0,1.0
P361691_left,left,2,2,0,,,1,0.0,1.0
P390560_reverse,reverse,2,2,0,,,0,0.0,1.0
P390565_left,left,3,3,0,,,1,0.0,1.0
P390568_left,left,2,2,0,1.0,,3,0.0,1.0
P390570_left,left,2,2,0,1.0,,4,0.0,1.0
P393097_left,left,2,2,0,,,0,0.0,1.0
P393101_reverse,reverse,2,,,,,0,0.0,1.0
P393103_left,left,2,2,0,,,1,0.0,1.0
P393106_left,left,2,2,0,,,0,0.0,1.0
